county_fips,state,county,year,yield_bu_ac,corn_area_km2,NDVI_mean_Jun,NDRE_mean_Jun,NDWI_mean_Jun,NDVI_mean_Jul,NDRE_mean_Jul,NDWI_mean_Jul,NDVI_mean_Aug,NDRE_mean_Aug,NDWI_mean_Aug,NDVI_Jul_minus_Jun,NDVI_Aug_minus_Jul,NDRE_Jul_minus_Jun,temp_May,precip_May,soil_water_May,temp_Jun,precip_Jun,soil_water_Jun,temp_Jul,precip_Jul,soil_water_Jul,temp_Aug,precip_Aug,soil_water_Aug
19001,IOWA,ADAIR,2019,176.5,482.9328529411746,0.4849323071593197,0.3416853204187446,-0.0248852136141171,0.8240075057788019,0.6729067533427586,0.3543583731941312,0.844295848786967,0.6799564589937345,0.3898896331232141,0.3390751986194821,0.020288343008165,0.331221432924014,14.68688350634187,274.1938776116059,0.3916347573585489,21.16497201223608,119.7634447012872,0.3446891705645019,24.907974482962288,48.82807398543564,0.237705989035841,22.641080695166774,109.87791426113442,0.2609878462265549
19001,IOWA,ADAIR,2020,168.7,470.61704470587904,0.4470230020071261,0.3084427159723439,-0.098127044591418,0.8416719734583719,0.7027981948860212,0.3836322161727347,0.7925697715110037,0.6361771155700607,0.330602239530912,0.3946489714512458,-0.0491022019473681,0.3943554789136773,14.894267007755085,126.51176919142308,0.3396515639536577,23.380037820609505,178.21875495667734,0.3380462570684659,24.55465702759916,113.04907922670752,0.3129028347761975,23.82327067261605,14.840513002520172,0.2078713727926329
19001,IOWA,ADAIR,2022,164.2,435.4812352940914,0.4794913086430889,0.3363204886739563,-0.0728272454429046,0.8013790846807198,0.6575443836404458,0.3176370160303816,0.7586129263015742,0.609884821693516,0.3156508570906385,0.3218877760376309,-0.0427661583791456,0.3212238949664894,16.74533740324025,174.01403979219836,0.3793419604358184,22.943696516348854,95.73106439473555,0.3172636329125493,24.59258582531089,82.13383336226046,0.2634442305479426,24.101330231543464,82.12914194703514,0.2271632931768802
19001,IOWA,ADAIR,2024,211.2,437.38448117644674,0.6036411041998581,0.4639690041602593,0.0680081277044888,0.8187268560198087,0.6816621076339138,0.4036208100349083,0.8157802617726893,0.6560974636321102,0.3604021287659586,0.2150857518199506,-0.0029465942471194,0.2176931034736544,17.45343014549847,218.5194035970541,0.3780687456325804,23.445964427368374,181.3480436592929,0.3265044200710805,23.445966819763104,73.90671048556378,0.297936771982934,23.14724167690796,84.40776125506679,0.2450186763963944
19003,IOWA,ADAMS,2020,173.3,297.9585317646993,0.4622651460120877,0.3182723411006497,-0.0966301193754142,0.8343500607298522,0.6899761005379123,0.361586798706049,0.8156888719227242,0.6548297893151438,0.3434290083811115,0.3720849147177645,-0.0186611888071279,0.3717037594372625,15.15967372613947,132.93280709930607,0.3452460372107335,23.74392024338093,158.4425114667471,0.3390555118545411,24.75682210355275,155.59944035088748,0.3241340754656803,23.73005714407924,16.030875208177523,0.2300448377419696
19005,IOWA,ALLAMAKEE,2019,187.2,308.0045011764552,0.3454441555910795,0.22758520480229,-0.0810676960583092,0.8014065791168026,0.6412139544160731,0.3304402881090991,0.8516873594943905,0.7027609164932695,0.423310229552107,0.4559624235257231,0.0502807803775878,0.413628749613783,13.359499282133468,170.75682163107203,0.3887886916848903,20.002031742774538,124.54555438767186,0.3664076126693572,23.81449862816798,224.1670840509545,0.3615683041452264,20.733824283487003,79.11049036041508,0.337553985349851
19005,IOWA,ALLAMAKEE,2020,196.3,310.4027894117586,0.3630054364282675,0.2314350059291695,-0.0787411351573801,0.8444232684812827,0.6893883711085985,0.3932875257563701,0.8375892308281532,0.6838188541883725,0.3916220369853704,0.4814178320530151,-0.0068340376531295,0.457953365179429,13.834542200013557,99.1108012302102,0.3616760941114288,21.279783745031093,192.51779582363088,0.3661224527583618,23.979303962430087,96.27648220660076,0.3413861899196133,22.570841345306537,38.534802993907846,0.2521026743343547
19005,IOWA,ALLAMAKEE,2021,198.5,319.60530352938923,0.3826637999282047,0.2622006068475371,-0.0578970699832021,0.7992542623707825,0.6522082019696359,0.3586046301579869,0.8385854939598268,0.6981753274959449,0.4108208710926537,0.4165904624425777,0.0393312315890443,0.3900075951220988,14.622397611926395,103.82450814848104,0.350663564109292,23.10795472528605,94.51805176786064,0.3053677508721878,23.31542930082468,79.33100276324157,0.3163050947851145,22.9717956746644,146.11998177056947,0.3211401226630255
19005,IOWA,ALLAMAKEE,2022,215.9,265.8936988235093,0.4106439803598612,0.2756475290959164,-0.0595408857488261,0.8291737804525928,0.6883016253147043,0.404565643478508,0.8552092985783349,0.7228145231242187,0.4469500062263179,0.4185298000927315,0.0260355181257421,0.4126540962187879,15.860269009604878,108.58736205761129,0.3751369903426574,20.859294866856494,114.78417129779656,0.3462248019551723,22.894007110545083,112.53019230066684,0.3288766966846332,21.77959377869711,126.62537592431512,0.3419583313083929
19005,IOWA,ALLAMAKEE,2023,183.9,278.17770705881867,0.4592830480991343,0.3326707245812514,0.0046277238343954,0.7930163397914317,0.6647323937963867,0.4048563968726474,0.8404987157328113,0.6935451969224274,0.3926407786694326,0.3337332916922974,0.0474823759413796,0.3320616692151353,16.22880814096741,60.92341168450138,0.3399459298729187,22.002221192134243,47.3015945998315,0.2449178234262735,22.93465492844061,57.633985285184,0.2405483988014721,23.41218991167177,24.028844783514277,0.2039923037903354
19005,IOWA,ALLAMAKEE,2024,216.3,370.2667094117534,0.4740883452099138,0.3317370114734122,0.0229430552774328,0.7809405595128768,0.6188743111122331,0.3418048681187169,0.8437397458483787,0.6970780899120339,0.4200464681365936,0.306852214302963,0.0627991863355019,0.2871372996388209,16.401912169715743,169.81268906189095,0.386661592484589,21.051170989613496,122.16081888249512,0.362514733746019,22.01922599973789,192.39497099723383,0.3645172625538774,21.901718847707222,100.0267054017106,0.332341294662136
19007,IOWA,APPANOOSE,2019,166.8,124.75734352940134,0.305700639540838,0.1855356477132279,-0.0243453651715944,0.8005772936490457,0.6350097387784328,0.307098173609147,,,,0.4948766541082077,,0.4494740910652048,15.70497695765635,186.43375670201317,0.3915396826834943,21.627215860199037,146.55644126120072,0.3546548194018041,25.453051113629392,55.57127153329292,0.2487126189175043,23.552615706598058,84.84328803080159,0.2463196495417621
19007,IOWA,APPANOOSE,2020,143.6,126.40066941175624,0.587641169480012,0.4268530757112878,0.0177040878636909,0.8063542688777894,0.6645115218797056,0.3307974925615572,0.7415691595117336,0.5766304775989,0.2715472970648022,0.2187130993977774,-0.0647851093660557,0.2376584461684178,15.280837475500071,126.96179195189202,0.3571367273315439,23.101060868110636,160.04755640833218,0.3357427701703667,25.066032604481663,128.37218175454004,0.3289555558982979,23.6978747228118,16.368770316083335,0.235810211754885
19007,IOWA,APPANOOSE,2021,171.6,136.8332364705744,0.3772658697453242,0.2520811765194844,-0.1281317131924776,0.7726222359207556,0.6172076266749746,0.3083533049614185,0.8145145802568295,0.6545597787388886,0.3492290380399501,0.3953563661754314,0.0418923443360739,0.3651264501554902,15.909420580377272,172.0220404744036,0.3540942717751061,23.95219731555079,126.0672370027111,0.291307019297816,23.969512494950592,186.1872600378384,0.3418621172569483,24.640456786933328,89.89513931144256,0.3116745558958033
19007,IOWA,APPANOOSE,2022,146.1,106.80188823528763,0.5240304579639325,0.3657994260212838,-0.042176975695348,0.8665327130678528,0.7329216625851099,0.4190543495112775,0.8531711566111797,0.7310396935565361,0.4176006036971907,0.3425022551039203,-0.0133615564566731,0.3671222365638261,17.91315302207522,113.11502289965192,0.3548523750237431,24.069985523959343,62.96132112393721,0.2816595054818483,25.906271228047743,67.00591205218926,0.2098452040409068,24.92794208406234,54.95269533882112,0.2064473982662245
19007,IOWA,APPANOOSE,2023,172.8,136.9163117646924,0.6424567679914148,0.5021954674658479,0.10627307916751,0.8407906006288334,0.7073429520214544,0.3993653585683832,0.7875323378641654,0.6238844282517836,0.2976485627142318,0.1983338326374185,-0.0532582627646679,0.2051474845556065,18.77727954423415,69.1602449078151,0.2759411822223612,23.90183445579216,52.481499492506,0.1994843169723469,24.497367891969866,82.58635605603345,0.2471381882162405,23.842960674978325,133.5223538521629,0.2852851887853481
19009,IOWA,AUDUBON,2019,216.0,490.2423741177821,0.7274776345015432,0.5689446820202335,0.1790675956469188,0.8675775144028169,0.7329742184812452,0.4292713163953239,0.8742832053556029,0.7366725304896438,0.4349931730831598,0.1400998799012737,0.0067056909527859,0.1640295364610117,14.385778269613969,257.41399027147514,0.3887107346262983,21.029710444980225,113.37469605336352,0.3430135293801626,24.58101625586071,57.50011122531616,0.2421059268777088,22.12947655954671,125.6657339094565,0.2810097587300885
19009,IOWA,AUDUBON,2020,170.8,484.2094694118658,0.3639005606946242,0.2492904152219017,-0.1266948951444622,0.8641661886862162,0.7342823624855956,0.4121617924203141,0.7664066416381559,0.6257559876007165,0.3244822507322652,0.500265627991592,-0.0977595470480603,0.4849919472636939,14.706701459166853,100.01688910344014,0.3284854799060411,23.54235447777645,116.40438945162305,0.319268543879191,24.768755123999835,95.77265677659044,0.2762009948235686,24.20821778820409,16.374320092523362,0.1790728430658258
19009,IOWA,AUDUBON,2021,216.0,448.0596141177368,0.5705502926509404,0.4380859856445102,0.0324808478235027,0.8063684803960482,0.6865544886366244,0.4180872948948453,0.8369533493267464,0.714430464098972,0.4150135966351515,0.2358181877451078,0.0305848689306981,0.2484685029921142,15.51735419324652,136.7371008152245,0.3498245808706489,24.403075436910022,67.68090123607223,0.2535450712442398,24.18968637117777,122.4900892089022,0.2638934355141014,24.46131875725205,115.9021642537712,0.2358316793364863
19009,IOWA,AUDUBON,2022,197.9,458.9373670588972,0.4513573966309784,0.323252261907489,-0.0219556149879635,0.8590905035214764,0.7330390201486073,0.419128695648528,0.8125489978524884,0.677668695898673,0.3942710463503729,0.407733106890498,-0.046541505668988,0.4097867582411182,16.330201521022364,190.80290458741484,0.3775725676872396,22.36365768686933,125.6906200276555,0.3357118328478601,24.09998921876315,76.13216539965025,0.2746472229047488,23.609579453827248,78.85419220306673,0.2254985786702043
19009,IOWA,AUDUBON,2023,197.6,444.9939247059674,0.4240881548482088,0.3182624179226082,0.0757119709819682,0.8535905675049158,0.7278290280185606,0.4323847112396564,0.8274991856397246,0.6960951458640708,0.4148015712790461,0.4295024126567069,-0.0260913818651912,0.4095666100959524,18.255804645169185,61.36283965443481,0.2958275325964856,23.297903005811936,53.52788871077962,0.2236812079813745,23.685306928901284,58.42775036518561,0.2144416202845112,23.76896468870104,71.51845471363643,0.2289921498426826
19009,IOWA,AUDUBON,2024,224.2,478.6079576471557,0.4876614111411375,0.3624231127681059,-0.0243198005580671,0.837375800437066,0.7114703652389693,0.4309003871552419,0.8283535173469696,0.698317263900415,0.413815751677935,0.3497143892959286,-0.0090222830900964,0.3490472524708634,17.075551216371633,214.8146895942817,0.3776598271823698,22.8750169143677,194.45955944608795,0.3517760578592618,23.054884240755484,90.93350075291964,0.3202830457366922,22.78642732353623,79.24587003341372,0.2407515050326624
19011,IOWA,BENTON,2019,197.6,798.7709788238137,0.3342517660675404,0.2254649842496747,-0.1978403485723918,0.8487585850506917,0.7143935905830204,0.4129508833068361,0.8561730832465106,0.7123162437892664,0.41485420572514,0.5145068189831512,0.0074144981958189,0.4889286063333456,14.446954102812771,215.62915606047287,0.393257811602692,20.75409807332783,112.28807124806626,0.353821649774925,24.564217433100005,70.79169835953705,0.2795539240469724,21.994651151391466,68.49446792079875,0.2360879874271845
19011,IOWA,BENTON,2020,144.8,811.1247988238194,0.4148263923414262,0.2819043048323955,-0.1500411782697594,0.8401489239662617,0.7065249402885393,0.3989052292496846,0.7462472174428575,0.5767115354825341,0.3329550866483252,0.4253225316248355,-0.0939017065234042,0.4246206354561438,14.607302041504605,130.9017828632056,0.3595261390787307,22.05776508254637,206.5066149541058,0.351731036429326,24.14004603254952,135.6781059521141,0.3358623165530215,22.766132082796275,26.719275396250776,0.223827037995806
19011,IOWA,BENTON,2021,211.7,738.6450211766683,0.468012798217353,0.3396462593013477,-0.1036995848473443,0.783420853268487,0.6561418410779667,0.3633972504656181,0.8028633154861132,0.6696292701208573,0.3841520449384051,0.315408055051134,0.0194424622176262,0.3164955817766189,15.394456307776103,114.34923128839766,0.3456914458560708,23.59597745094345,141.32965794028746,0.2733613099752336,23.61653239051252,66.52678677942909,0.2877369405877764,23.82965031627129,86.12617231044146,0.2464206131725753
19011,IOWA,BENTON,2022,221.7,758.7247905884664,0.5528588697653445,0.410877365192325,-0.0438589281036917,0.7980832506547141,0.6849103027234875,0.4241776638724595,0.8427285684562651,0.7274773502122424,0.4451004731040922,0.2452243808893696,0.044645317801551,0.2740329375311625,16.96400571606665,117.18058098262826,0.3680787148279156,21.99200818131751,98.2284746820582,0.3163821013128972,24.008696559308092,67.11334488921041,0.2410339675064668,22.97011279090676,85.55748389073506,0.2349476018879008
19011,IOWA,BENTON,2023,199.7,765.306257647297,0.5675512337471881,0.4470966421056415,0.065509062295555,0.8596615690823909,0.7357585499727395,0.4488849075609141,0.7443454118537561,0.5929770327240768,0.3178158989214851,0.2921103353352028,-0.1153161572286347,0.288661907867098,17.31638135133845,69.39605923365164,0.3097596512320762,23.00957523693632,29.830871753864628,0.1869030607631918,23.604190141382787,66.77503313868175,0.2091967145576697,23.96102685005753,42.77104835090414,0.1943879168255725
19011,IOWA,BENTON,2024,238.6,760.874198823763,0.655919992083228,0.5161373381329655,0.0920815358886776,0.783506910453083,0.6658965905509845,0.4176428578575438,0.8411699857600398,0.7186909371903388,0.4306138341054178,0.1275869183698549,0.0576630753069568,0.149759252418019,17.488401357465076,172.42059663355172,0.3789121165865872,22.34987177680657,116.43478602407744,0.3334913705754781,22.338107052064288,148.30391662649487,0.3470315116738151,22.295499606551505,63.45816124653968,0.2713366118434812
19013,IOWA,BLACK HAWK,2019,205.1,629.4544482354746,,,,0.8138701019014899,0.6775016984733295,0.3871595653839673,0.8110288020217333,0.6726243706753408,0.3874649648786682,,-0.0028412998797565,,14.05965323978611,217.86567647150693,0.3911480517735447,20.55368394397856,105.17365437300172,0.3567833330647239,24.197813709162848,92.83609728218238,0.302624578785212,21.494550597874504,70.7489569926742,0.2406626118609796
19013,IOWA,BLACK HAWK,2020,169.8,655.4097247061084,0.4559833156836765,0.3171875239121992,-0.106623341211226,0.8467400054652073,0.702275827764849,0.3977725421350487,0.8080816368778949,0.6461599125062676,0.3485886527541467,0.3907566897815308,-0.0386583685873124,0.3850883038526497,14.427148539802214,109.97348548924384,0.3482681445039433,21.89353918907133,229.85966471797877,0.3528329044243099,23.91042280380024,138.94388357550457,0.329948522609883,22.59278877161904,32.733413169727804,0.2220428083554154
19013,IOWA,BLACK HAWK,2021,193.6,578.2024482354208,0.4083646148140415,0.2863046235284832,-0.1435556172062195,0.8208881381118734,0.686266790053395,0.3584619302885712,0.7504502635321609,0.6243248765651732,0.3612712372095973,0.4125235232978319,-0.0704378745797125,0.3999621665249117,15.301669623371708,113.04929621278325,0.3346160258264781,23.63582515833944,104.94022398296212,0.2669699927819589,23.559502876516834,75.63556866001728,0.2797419406834109,23.511210574541654,104.49489569525196,0.252371696712638
19013,IOWA,BLACK HAWK,2022,202.4,551.6138964707161,0.5128107778135254,0.363224369610746,-0.100460971659548,0.7967804319320806,0.6790017367382543,0.4189433291230198,0.8684569717309121,0.7464915404087767,0.4473903417076389,0.2839696541185552,0.0716765397988314,0.3157773671275082,16.557143436111105,123.99816727610414,0.3703847826779216,21.620979146394586,99.2942592083658,0.3258551625212885,23.671457050836704,70.82024463588674,0.2466951377511781,22.482615665873062,99.8304633587154,0.2519217494213085
19013,IOWA,BLACK HAWK,2024,205.9,568.3607894118855,0.6214370675262574,0.4768630342870214,0.0423300244691821,0.7095344484190073,0.5978985603592208,0.3848755276416547,0.8433390730487632,0.7085337893111681,0.4103888048573145,0.0880973808927498,0.1338046246297559,0.1210355260721994,17.15287442366026,193.1275533025334,0.3773230807546384,22.024663937538605,110.52403154834222,0.3369394630950314,22.141233510760014,157.86508565907044,0.3466240193596531,22.12977360600169,42.97039870816668,0.2531960075164766
19015,IOWA,BOONE,2019,194.8,669.1179317649412,0.4814402481819057,0.3606716239928051,-0.0643830235111569,0.8670850507573196,0.7325689287239694,0.4287809516227681,0.8556824262944461,0.7134972186209219,0.4185115271462984,0.3856448025754139,-0.0114026244628734,0.3718973047311642,14.515163340945207,233.4666295718868,0.3927451257584493,21.082640978030348,74.5455348344442,0.3356765826447583,24.913432743987105,77.78462577896687,0.2482487318577145,22.19066768713349,74.0464678713815,0.2426246637382857
19015,IOWA,BOONE,2020,160.7,663.5041058825941,0.506919763080908,0.3659944027314807,-0.1106293066612943,0.8683448146003053,0.7432237068826653,0.4385098303417726,0.798545085113211,0.6411269681954312,0.388052087982313,0.3614250515193973,-0.0697997294870943,0.3772293041511845,14.98576225909546,127.62043189913172,0.3372232539452466,23.10722352856512,112.31863327263493,0.3188503233160927,24.85030173270521,86.19662089244059,0.268906733109931,24.408475537223545,25.66654987963453,0.1755235813597359
19015,IOWA,BOONE,2021,208.4,578.9865988236598,0.5602776658585558,0.4289894824236681,-0.0539647942411651,0.8237072336374559,0.6989531776652654,0.4043095212146975,0.8040906928162952,0.6642013662724318,0.3639302603972822,0.2634295677789001,-0.0196165408211607,0.2699636952415973,15.707017927928543,128.1617850610639,0.3326993845349329,24.37063961555177,76.28756076768842,0.2523458170871052,23.98346685399153,127.23811676295912,0.2778813905272975,24.330079890545093,123.0897118932262,0.2615528680273981
19015,IOWA,BOONE,2022,202.4,608.3485482354779,0.4711507784288523,0.3209716076492905,-0.1413270756415684,0.8469034318587548,0.7128550564408511,0.3878181949364505,0.8403916814798411,0.7160859962470423,0.4249516048351837,0.3757526534299025,-0.0065117503789137,0.3918834487915606,16.63196878938508,134.20538564448574,0.3688274789790381,22.28109881107133,126.13476434345668,0.33449001207745,24.183860055270163,89.52365665750509,0.27388288505567,23.388008172443108,59.10655217035255,0.2164152228226424
19015,IOWA,BOONE,2023,226.5,597.9728576472047,0.7783505480355435,0.6379054216527079,0.2721761487973523,0.8694138363117305,0.7471242293139728,0.4746921036760554,0.8346740982349384,0.6936464427725306,0.411463585168504,0.091063288276187,-0.034739738076792,0.1092188076612649,17.85104595997697,96.44455700597568,0.3199797912240224,23.102549112794243,63.2594778107152,0.2250429388260435,23.428980193321348,51.59590092902868,0.2117350003088076,23.90423153407112,65.17479816923823,0.2102757824777412
19015,IOWA,BOONE,2024,217.6,618.4994505884271,0.5490986528744852,0.4244208392957292,-0.0514558285028449,0.8577925108718163,0.729498038132241,0.4346160265140516,0.844202846258902,0.7031103840261468,0.4108214443313613,0.308693857997331,-0.0135896646129143,0.3050771988365117,17.344449140236176,223.43363908312256,0.3801734617375172,22.75129036233367,144.3690788631441,0.3480991844020428,22.86813193968348,119.42532306254208,0.3212635720256658,22.75455716216762,61.50848314135353,0.2321077703242162
19017,IOWA,BREMER,2019,212.5,532.7263164707713,,,,0.8007571197379266,0.6681615323571731,0.3834291840896597,0.8289748795639174,0.694973320035698,0.4127495901644525,,0.0282177598259907,,13.663151458049622,219.66192126973215,0.3894118307729498,20.25502697489457,100.58804602523146,0.3552580246329608,23.92135461356617,96.49892015940117,0.2970182923201535,21.08327937875216,78.81963874961373,0.2510915170256778
19017,IOWA,BREMER,2020,187.6,545.4405070590213,0.4069889121818784,0.2764838422389183,-0.1420584433723771,0.8577352927667341,0.7180077960858161,0.420089282745321,0.8259494765169315,0.6683860549125477,0.3737041780081069,0.4507463805848557,-0.0317858162498025,0.4415239538468977,14.155501480966787,108.09126475732374,0.3456345981595386,21.60552297689648,211.1345292374924,0.3510849973084027,23.720006863136977,110.56609892470064,0.3159964822955295,22.464072765800147,44.4511458939505,0.2120808037062548
19017,IOWA,BREMER,2021,200.1,491.01295764719936,0.4560831713640385,0.3235606277485088,-0.1227551208485994,0.8300019276609096,0.6971106695269654,0.367549755748315,0.773502475950852,0.6523196339531224,0.3962889621247949,0.3739187562968711,-0.0564994517100576,0.3735500417784566,15.11394162106638,119.65203010253148,0.3290833898790044,23.486220828744155,87.73788821347445,0.2722826339617733,23.294792820103357,93.69976553486642,0.2809599723910937,23.058562860423173,165.2016698102466,0.2803521524388198
19017,IOWA,BREMER,2022,210.8,455.658409411861,0.4809119547700793,0.3328629317380435,-0.1433594032205334,0.7648224758138072,0.6567842262930438,0.4173947199768837,0.8813453770076305,0.7601721592282316,0.4656786522444461,0.2839105210437279,0.1165229011938232,0.3239212945550003,16.07584158113023,112.3042556126649,0.3719642841203843,21.208844126577816,110.17615963597522,0.3295051239501664,23.23650895674576,87.26394595763865,0.2680445410697419,22.016715812823737,107.2174381434146,0.2715114085417217
19017,IOWA,BREMER,2023,199.9,482.5304576471883,0.5500757700688232,0.4298402109293363,0.0468338235826037,0.8528369374840643,0.7278658187579023,0.4404939988813379,0.7502845442361018,0.593523838412629,0.3013156358060843,0.302761167415241,-0.1025523932479625,0.2980256078285661,16.79869354956843,77.6573236126546,0.3235522279949272,22.551299700680534,37.12794688137739,0.2027816030554229,23.095665787722183,42.2001148269427,0.1863817536936165,23.474824392700864,40.27064896525123,0.192956070184792
19017,IOWA,BREMER,2024,205.9,471.865048235428,0.5340130620187309,0.3958270692779811,-0.0502362483449386,0.7806109894448068,0.6485288557464134,0.394745496117668,0.8426110410663289,0.7002480414897981,0.4129786369948728,0.2465979274260759,0.0620000516215221,0.2527017864684322,16.77341392729976,215.12625542968811,0.3791521969332075,21.535499516222828,134.31875352157,0.3459380851007476,21.881453979354013,178.8607078205423,0.3516343358028959,21.82416820807902,47.35665130258872,0.2591160171633715
19019,IOWA,BUCHANAN,2019,218.9,832.1728164710485,0.3275701166951835,0.2227679590291617,-0.2174784831835755,0.836743760707896,0.701244694692337,0.4029443149752418,0.8597424419904536,0.7181732072822393,0.4250531812930065,0.5091736440127126,0.0229986812825575,0.4784767356631753,13.924387062301651,220.21634042714703,0.3915962541527403,20.32259489620489,119.71213058621152,0.3612323672125173,24.11499874642644,78.47554955921505,0.2929121992596387,21.333678424860917,81.64230013852641,0.2484928721051035
19019,IOWA,BUCHANAN,2020,188.3,850.619435294611,0.4096828373866331,0.2800374398501206,-0.1521210039596337,0.8610710128857101,0.7179329680211383,0.4181111130031228,0.8211959928911399,0.666378366352627,0.3747595820337659,0.451388175499077,-0.0398750199945702,0.4378955281710176,14.247862658061262,113.05389063158027,0.3525131977657513,21.663842735775344,198.6920119126302,0.3483660920479184,23.815971741984235,136.18781613331828,0.33071938043851,22.38386677004394,40.24101726501054,0.2272214187529606
19019,IOWA,BUCHANAN,2021,209.0,752.5972694121074,0.4282996149158499,0.3005966881859468,-0.1372509168100033,0.827137051005743,0.6979147028723139,0.3881082862877149,0.812095833504862,0.683911134474483,0.4088389852374742,0.3988374360898931,-0.0150412175008809,0.3973180146863671,15.018851694180809,110.48456857445724,0.3426669803579693,23.351076876492712,102.82210988511748,0.2702924021449086,23.393831540351325,68.63227866913508,0.2757393155188589,23.43531996833499,91.95698358028052,0.2425240030503909
19019,IOWA,BUCHANAN,2022,209.7,712.3247470591213,0.4761857371245859,0.3358597182933392,-0.1179909870075394,0.8000465351838447,0.6791555174951919,0.4154370571858395,0.8661234689360047,0.7395197982354796,0.4572481947357003,0.3238607980592588,0.0660769337521599,0.3432957992018526,16.46922130755152,122.0771733488889,0.3697201423260958,21.42516773883694,86.55074066684179,0.3170232325770414,23.47856756241387,81.90795774825757,0.2571647708709752,22.349163415498506,87.54962983165325,0.2508758051567662
19019,IOWA,BUCHANAN,2023,190.7,765.2315788238991,0.5542571291986115,0.4214138984680158,0.0158089216684199,0.8516614475227944,0.724961423478288,0.4497361635018864,0.7519779176612328,0.6055839476486401,0.3305853158854517,0.2974043183241829,-0.0996835298615615,0.3035475250102721,16.776871669272097,77.66658976963839,0.3203647486713397,22.599323676296688,31.853290510752583,0.192077604854344,23.22305380737062,59.7444580704714,0.2069178287014979,23.684010745621,34.39391549927739,0.1859965214133285
19019,IOWA,BUCHANAN,2024,220.8,772.9747376474356,0.580838618011104,0.4349590930257588,0.007567515556664,0.7468694893264934,0.6220963024216144,0.3731802749403293,0.8449331174947594,0.7122347300117037,0.4286898265371116,0.1660308713153894,0.0980636281682659,0.1871372093958555,16.991925169454756,172.11693681913354,0.3776401790126144,21.78438068823508,109.18506795550094,0.3344401055369554,21.948206471213823,157.24868207197355,0.3493672566209453,21.92847490878502,57.91383353582318,0.2701944739111597
19021,IOWA,BUENA VISTA,2019,190.8,685.5014505885042,0.5647043474958634,0.4171166353915017,-0.0494798265776933,0.8509311517782292,0.7057231948262361,0.3709377629194558,0.8674520678129335,0.7217839586621672,0.4156067038116592,0.2862268042823658,0.0165209160347042,0.2886065594347344,13.601477521104124,207.46850447221368,0.3758502492754377,20.593944316199288,124.3510002255491,0.3289280289735702,23.89590772424361,55.534713696258926,0.2583239399423001,21.31497523551132,92.6578739628894,0.2374882469717195
19021,IOWA,BUENA VISTA,2020,183.9,678.966762353213,0.3561929878450898,0.2418504483810923,-0.2301412168931938,0.8833040006046664,0.753319247060581,0.4392001387703072,0.8023835718211819,0.6463520105604934,0.3634584606639949,0.5271110127595766,-0.0809204287834844,0.5114687986794886,14.279905895417825,109.83303467036188,0.3250925278750384,23.345197267939117,115.56201489425776,0.2814393180646231,24.99263392884813,38.68952772798647,0.2130623981645545,23.84713250933333,36.81841913255448,0.1719841154562887
19021,IOWA,BUENA VISTA,2021,203.9,641.6451952943319,0.4923479758919077,0.3688561997303536,-0.1131866848751209,0.8438139885595105,0.7080080195000102,0.4082463877685203,0.8155677788300448,0.6828446493684224,0.3840737865143583,0.3514660126676028,-0.0282462097294656,0.3391518197696566,15.207280747543416,111.36345121268312,0.3176746474037725,24.191324947582125,90.9835308927901,0.2424509370543728,23.549265511543403,120.07206656378702,0.26244015066553,23.68778040361964,95.52122471220883,0.2349054006017293
19021,IOWA,BUENA VISTA,2022,196.9,648.9961094119889,0.491179145128567,0.3531304077984233,-0.1082186984279677,0.8039313443346494,0.6648528507331182,0.3322225380371105,0.8423894590108099,0.7082478926067448,0.4065672693014898,0.3127521992060824,0.0384581146761604,0.3117224429346948,15.84561100943368,104.81574205830772,0.3517729024246095,21.916579211703265,107.63329523434444,0.305186594040363,24.38528752104209,43.62122225981448,0.1979604476411937,23.08369042059594,64.96083732314959,0.2076842488432945
19021,IOWA,BUENA VISTA,2023,212.0,649.4615752943427,0.7157178229671733,0.58280990555995,0.219846568134094,0.8519423713946752,0.7210076887443551,0.4062328458262297,0.8517681607229819,0.7155933504684793,0.4150546179371544,0.1362245484275018,-0.0001742106716933,0.138197783184405,17.743401588056553,77.67535710180567,0.3001430440005917,22.695552341209176,92.12807068810947,0.2523103481385765,22.603246383023237,70.68383885024629,0.2324662481020588,23.51122894441257,68.77772434721801,0.2059143084637662
19023,IOWA,BUTLER,2019,209.5,726.4798447061205,0.247544290962151,0.1577472202022394,-0.2412282381250455,0.7903257376610942,0.6550635373621635,0.3551412565986076,0.8752967003387593,0.7307694754317811,0.4257577724583125,0.5427814466989431,0.0849709626776651,0.4973163171599241,13.777526011052982,207.256480730466,0.3907826191171019,20.40877773675455,90.11664330568634,0.3503371634973355,23.94712071446095,107.23503263448644,0.304478905297958,21.14019095485884,79.50334130680002,0.2533566644691399
19023,IOWA,BUTLER,2020,192.8,747.4297305885017,0.4165883199082211,0.2841798473281663,-0.1357085966502937,0.8576704423141723,0.7192171769009039,0.4167909768889118,0.814509423965394,0.6560676408127122,0.3533407599569097,0.4410821224059512,-0.0431610183487782,0.4350373295727376,14.290114325236251,104.08006698135893,0.3437177804640698,21.866495604033187,161.36549632831324,0.3489077546065419,23.935123150128565,103.63029551862384,0.3062096684664774,22.976477513210927,27.165912516584644,0.1893174158007215
19023,IOWA,BUTLER,2021,204.5,652.8508870589839,0.4037487119543642,0.2830747784511963,-0.1429183560029411,0.7775663601082567,0.6472774533894747,0.3690728496538973,0.7858464982432661,0.6522813738826263,0.3631026071456464,0.3738176481538925,0.0082801381350093,0.3642026749382784,15.324721028412622,117.96499027990951,0.3244395375171823,23.83467905087455,95.727051246062,0.2679028798621309,23.3370383060627,98.54694062214956,0.2863455135825286,23.118553165373907,184.18897475575105,0.2875046534448741
19023,IOWA,BUTLER,2022,212.4,643.2829305883793,0.4785263279870767,0.3305957051582266,-0.1363862560548602,0.8646956005543479,0.745258120642193,0.4521542755166137,0.8695971946212199,0.742866018726837,0.4454427044448652,0.3861692725672712,0.0049015940668719,0.4146624154839663,16.142823232878733,95.5019483855064,0.3641918091377771,21.47297054271316,110.25244753814589,0.331424390629368,23.51662266518763,78.65606460502192,0.2527168392872049,22.15351340564734,123.39376034569878,0.2783270303963532
19023,IOWA,BUTLER,2023,183.1,634.113564706016,0.5769774055004395,0.4543057164491278,0.0691277814088134,0.8433210818366401,0.7125730797055951,0.4240646074237687,0.7135523493707582,0.5423725743418962,0.2298065434898315,0.2663436763362006,-0.1297687324658819,0.2582673632564672,17.02493775377066,75.3117711430963,0.3230224881647544,22.793392741380742,29.40174473076128,0.1914009933742915,23.09400978253101,52.71552453734843,0.1938723134443023,23.308995363197692,63.85159333992506,0.2165312925198243
19023,IOWA,BUTLER,2024,209.8,633.9943270589553,0.5697731705143165,0.4313573190143346,-0.0110860577979042,0.7519192308929532,0.6254695699155055,0.383334392163857,0.836490625954897,0.69239801764355,0.4042389866989309,0.1821460603786366,0.0845713950619437,0.1941122509011709,16.877244574808934,218.6760796872181,0.3787309054209901,21.71603495590495,137.54700508419205,0.3506836547142024,22.045911113214945,176.58697121613062,0.3483179969639521,21.971719059096163,45.16974814301713,0.250636130201278
19025,IOWA,CALHOUN,2019,198.8,732.9526870592015,0.6561718962060566,0.5010190248962849,0.0555350265684911,0.8539685527005556,0.7176456685990075,0.395394576735545,0.8613867268466897,0.7180298069327349,0.4177790100178339,0.1977966564944989,0.0074181741461341,0.2166266437027225,14.160254200404928,229.0994247685523,0.395146894685485,20.90444289296996,111.0068816248801,0.3509122381941395,24.360502495606333,61.28026387490599,0.268162316696499,21.74871369654651,82.58965264730591,0.2433427345696077
19025,IOWA,CALHOUN,2020,159.6,747.0924670592253,0.4371754914440978,0.3117260593834419,-0.1917674059742253,0.8735935634886153,0.7458621749451154,0.4359219128384992,0.7497712002649295,0.5984744329703199,0.3184875800092872,0.4364180720445174,-0.1238223632236857,0.4341361155616735,14.731065190747628,109.401699323847,0.3375135609246477,23.508266548859904,96.07552234758136,0.2956600724521328,25.128977833460368,47.3361561993127,0.2260850698061363,24.360846302788943,31.255620190360137,0.168780606717301
19025,IOWA,CALHOUN,2021,217.8,660.7625400002671,0.6188337546777778,0.4832253959663547,0.0123686625023988,0.8218755910946646,0.6971406936314063,0.4095721667816815,0.8303412450597291,0.698833728933513,0.3919105967744253,0.2030418364168867,0.0084656539650644,0.2139152976650515,15.592795197936114,131.5307914400879,0.3380990128194411,24.637039702889457,127.02992594418792,0.249219471308612,23.69764965401102,116.9881427422522,0.2874220015556105,23.857822813387187,127.16447289693464,0.2609608401911968
19025,IOWA,CALHOUN,2022,202.3,706.0307788238692,0.6096311723004577,0.4580324868820592,-0.0055668062213341,0.8349738250823052,0.7124968896080617,0.4180293917822288,0.8533598058105106,0.7178106903669572,0.4179488699950027,0.2253426527818475,0.0183859807282054,0.2544644027260024,16.22785297876163,124.42329259122468,0.3754540490509918,22.146078654345956,108.67985084108524,0.3268709780633911,24.40072589332766,46.6462669218452,0.2188276541951478,23.2418907729608,79.45521496327002,0.2252656534988601
19025,IOWA,CALHOUN,2023,201.6,672.3661588238131,0.6818617332234781,0.5542009670523816,0.1475499567536382,0.8591903194963054,0.7319990189965778,0.4291562588634491,0.8568506634186688,0.7190711603366646,0.4264600419296568,0.1773285862728273,-0.0023396560776366,0.1777980519441961,17.942423185682568,82.39457062854956,0.3194169789848302,23.036543281154344,64.8584063289746,0.2459930122155346,23.340427414675595,45.78571673337331,0.2042779226675524,23.931758621882317,64.85133660582304,0.2136692600696595
19025,IOWA,CALHOUN,2024,228.8,711.3615705885871,0.515297755959774,0.3906154131166548,-0.1185632583725845,0.844458109208337,0.7240434957682843,0.4378888038183637,0.8491529521154907,0.7127513085109146,0.4195642877206894,0.3291603532485629,0.0046948429071537,0.3334280826516295,17.017213874130736,195.58451397104463,0.3736290700129394,22.4259275727186,152.14966364923507,0.3515814568388574,22.811681489816493,125.3426300714265,0.3084766815938264,22.53667758964865,57.59126274893171,0.2250119384511407
19027,IOWA,CARROLL,2019,219.7,772.6622647062347,0.7366967316449594,0.5821750216849736,0.177671073144194,0.8739811238733577,0.7501504234833608,0.4483850453294976,0.8751477035996976,0.7481685068175254,0.44570964612629,0.1372843922283982,0.0011665797263399,0.1679754017983872,14.239277418047111,233.24766068853148,0.3941221627939081,20.93828294558532,105.93778894713276,0.3488224224424076,24.428837465065456,57.91718235371742,0.2539100360749135,21.897984619344147,99.6115968449948,0.2519640633838718
19027,IOWA,CARROLL,2020,150.6,777.2429435297736,0.3869859596381145,0.2706844467908619,-0.1524567983014385,0.8600941616937829,0.7337589404889384,0.4216469703276415,0.7646498321661115,0.6167577465533258,0.3275163304387968,0.4731082020556684,-0.0954443295276714,0.4630744936980764,14.656580725794932,104.24263263344062,0.3318211291098064,23.562165511178133,92.16610852928254,0.2989846667321359,25.05162796709872,56.604677212902935,0.2284304238244117,24.41100097135416,21.92999508979001,0.1687078094237981
19027,IOWA,CARROLL,2021,218.3,699.379284706143,0.5839950727171244,0.454608566684982,0.0266495563279385,0.7992008268123872,0.6831840417983721,0.4101458697676049,0.8268561874569528,0.7028577705650164,0.3952237869799165,0.2152057540952628,0.0276553606445655,0.2285754751133901,15.530123978856729,141.96386644748569,0.3467918157905422,24.537421141730437,90.65015884607756,0.2511007864294537,23.896444291838773,102.27530857824284,0.2751145918806304,24.246077800514502,114.76580217704144,0.2375006419902664
19027,IOWA,CARROLL,2022,195.7,713.5582094120421,0.5671770776284676,0.4260314177318608,0.0183123163722553,0.8671245247061615,0.7480595262105351,0.4374779638390668,0.8303665738643161,0.6984915301728702,0.4078024863924114,0.2999474470776939,-0.0367579508418454,0.3220281084786742,16.223569503311058,149.15181786235854,0.3734551928903278,22.20287589353289,109.93169038279258,0.326821708422504,24.256450580674212,63.51058379553077,0.2413908193744778,23.47804941754647,73.46366034276036,0.2175571299139794
19027,IOWA,CARROLL,2023,196.7,700.8237247061438,0.5074377342259193,0.392253002831343,0.0475740101259297,0.847724559307268,0.7244961499203533,0.4304838933060869,0.8536288258507951,0.7272349228721007,0.4255516526857813,0.3402868250813486,0.0059042665435271,0.3322431470890102,18.08975209529237,69.36176008983115,0.3079429156006977,23.126820600905603,61.32015446005617,0.2357140203471024,23.51026373514488,49.37060035316624,0.2084215384697411,23.83648103420027,69.9866985845928,0.219637367212048
19027,IOWA,CARROLL,2024,240.9,715.5942035296911,0.4248960998206012,0.3062042638197936,-0.1599122865982683,0.8422935582397899,0.7220799921404448,0.4391244554520036,0.8369998748876682,0.7112642340850716,0.419044095620533,0.4173974584191887,-0.0052936833521216,0.4158757283206512,16.964985757185328,227.7240333738453,0.3753176132291418,22.60559574097629,155.3816686870645,0.3550539053431059,22.894011594335627,118.16852775989132,0.320407465446827,22.653616943861795,64.6407833247413,0.2275026132735132
19029,IOWA,CASS,2019,200.3,579.2041058824683,0.6623042805511297,0.5062269051119604,0.1353465056577542,0.8531449891218831,0.7109353311530018,0.3983783591663081,0.8597044049013429,0.708020553184597,0.4206167425728325,0.1908407085707534,0.0065594157794598,0.2047084260410413,14.785490245381174,269.09326368459125,0.3881510713825998,21.309441679820655,118.00558611679372,0.341846996897344,24.93667215685024,48.76182103418036,0.2275035421067013,22.6046747468017,136.4302052226872,0.2915167744851592
19029,IOWA,CASS,2020,177.5,548.5870800000843,0.3859072554831582,0.2640038573885605,-0.1259359444077002,0.8576310706162757,0.723391825292063,0.4001391853627521,0.7671857561303878,0.6167312006359802,0.3065924283584434,0.4717238151331175,-0.090445314485888,0.4593879679035025,15.030986982871775,104.13526065196864,0.3264877982028843,23.75163755007275,132.6319045200888,0.3297075864613447,24.79728416786192,130.76755579394955,0.2997293471109544,24.046105477388476,14.069265540523192,0.2060221054310561
19029,IOWA,CASS,2021,212.4,538.1317976471286,0.591788806335384,0.4543427077839726,0.0421539236734663,0.8285328585845114,0.6997474236350754,0.4086115846767602,0.8250388890347502,0.6871295689690944,0.3914252047621195,0.2367440522491274,-0.0034939695497612,0.2454047158511027,15.783761148432813,140.9157399347619,0.3509073665923632,24.507088726891972,64.58837510325002,0.25545540234922,24.72503039132295,104.5185963861858,0.2379424662161074,24.95903841373556,103.08476289899848,0.230979618800985
19029,IOWA,CASS,2022,179.2,514.8131894118177,0.4955629432249264,0.3593342549013703,-0.0492183684310471,0.8394524593255682,0.7070051633536296,0.3809913731310977,0.7727840664686508,0.6317304579091993,0.3413464907517902,0.3438895161006418,-0.0666683928569173,0.3476709084522593,16.81210137495223,190.4006968910188,0.3804023216815308,22.91649492533842,102.5998370639044,0.3232850333998545,24.52477602476213,88.02511558824824,0.2701132334288273,24.178181814778124,82.72324488458923,0.2239730772116654
19029,IOWA,CASS,2024,217.0,538.2110823530098,0.5748519072289379,0.4402723547427351,0.0438968122085789,0.8275533597239159,0.6997516875832359,0.4203551303243151,0.8357379706017702,0.6964667942000989,0.3879812981635859,0.252701452494978,0.0081846108778543,0.2594793328405008,17.493081955634874,188.21409662854495,0.374284914143729,23.503511230047195,183.45913846073316,0.3309028657746387,23.59337438782753,77.62572865632791,0.2996850697829493,23.21276410048016,94.33784553182215,0.2451624708506957
19031,IOWA,CEDAR,2019,193.7,645.922440000175,0.2981663781756171,0.1998140436793081,-0.1928799892760356,0.7816303741868575,0.6475059161596064,0.3039077086052351,0.8589746150224227,0.7230048157685351,0.4208229088274763,0.4834639960112404,0.0773442408355651,0.4476918724802982,14.98116682965606,169.6145308155418,0.3926530716463653,20.983311101230505,91.75899523915194,0.3486155556829075,25.329272317948377,41.96246461838162,0.2307777304945869,22.58953822947652,96.2399434956392,0.243262419220272
19031,IOWA,CEDAR,2020,153.3,643.3683705884229,0.3845805448065401,0.2637206384428315,-0.1293590520992717,0.8418905581881659,0.7140470146220006,0.4202965730207266,0.7991351460263159,0.6492961141803569,0.3817558887590386,0.4573100133816258,-0.04275541216185,0.450326376179169,14.799149650112556,139.28511557351268,0.3677385830154405,22.13743072822168,125.27853150457024,0.3368458709220536,24.488019910698284,119.18159594994434,0.3247508229410834,23.09427789619578,32.10802697705996,0.211377629864128
19031,IOWA,CEDAR,2021,207.1,605.3003188236513,0.5283778340672955,0.3949475323505155,-0.0070455281178686,0.854803072687188,0.7200078515316509,0.4322765521756694,0.8159514454918572,0.6884515874155738,0.3915689765808024,0.3264252386198925,-0.0388516271953308,0.3250603191811354,15.42402565595752,118.45398370645708,0.3536052388101531,23.47085858091006,119.8242483066908,0.2735227972491512,23.511759369184347,81.52181960575403,0.2995237747222931,23.96016851678724,91.34890068146376,0.2570815488329819
19031,IOWA,CEDAR,2022,221.4,599.9807576472007,0.5273504991051035,0.390066409241911,-0.0431613457408565,0.8763794415616162,0.75102622732649,0.4434993083342251,0.88243464751075,0.7617859095846506,0.4596152836751542,0.3490289424565127,0.0060552059491337,0.360959818084579,17.365599985913743,110.84525294812738,0.3594492278822292,22.093900774221343,117.92012927920528,0.3248784536388948,24.023382273350787,62.364415857746366,0.2502621908890334,23.28472087246725,63.91376961534441,0.221680805862394
19031,IOWA,CEDAR,2023,205.7,620.4267600001407,0.5252925603083016,0.4156617720602072,0.0477066190352937,0.8634454104766115,0.7453277645134615,0.4584922564314134,0.8314684310182854,0.6966043523994725,0.3902151671660429,0.3381528501683098,-0.0319769794583261,0.3296659924532543,17.178080084819264,91.1358862374811,0.3179651920712724,22.881324492763905,19.40314025006532,0.1725300419989057,23.980316763109425,59.47050707768056,0.2085220974114077,23.90607637562818,54.98003115513238,0.2050291497407258
19031,IOWA,CEDAR,2024,236.2,608.2327658825031,0.5972456962737814,0.4665536944278001,0.0810691363942585,0.8370251120849291,0.7076919716738512,0.4332899985419974,0.8487804951735857,0.7196770611833139,0.4419673282536788,0.2397794158111477,0.0117553830886565,0.241138277246051,17.799316627536008,170.3880832261262,0.3819815166529996,22.50946292726695,134.6236265846053,0.3377095839544563,22.51695704348056,181.7156848424609,0.3561604018944831,22.41616441391573,83.88438646879906,0.3017058037108411
19033,IOWA,CERRO GORDO,2019,191.8,705.701848235554,0.4060582627266533,0.2939775899865769,-0.1145872007628021,0.8730869645687653,0.7404109898602261,0.4353579671863123,0.8659419614816862,0.7249675337133349,0.4366112402946047,0.467028701842112,-0.0071450030870791,0.4464333998736491,13.39394497502345,203.20915064607297,0.3893461851477492,20.200674331378465,97.4347757784706,0.3539485481785235,23.59136421345593,103.86314893246836,0.3135703648935484,20.75315250922536,89.9942308897478,0.2675078472728414
19033,IOWA,CERRO GORDO,2020,182.5,724.0381764708724,0.3457663481113763,0.230690023418988,-0.2318365031493589,0.8573097122057757,0.7196382517036097,0.421251935691299,0.8321079687757814,0.6633766242163986,0.4067058746591073,0.5115433640943994,-0.0252017434299942,0.4889482282846217,14.088660891363006,124.9097836578885,0.3494307819818824,21.87885950379209,132.23226626991166,0.3453534299679434,23.96862850535898,66.26198938298377,0.268726600354175,23.095907601753563,34.02137653735611,0.1799026195835829
19033,IOWA,CERRO GORDO,2021,200.0,651.9350823531187,0.4873983167347224,0.3597749390109582,-0.1030832151615032,0.8360501446659665,0.7082928324829126,0.4405177122279936,0.817042343654515,0.6768979499410691,0.3803103724043856,0.348651827931244,-0.0190078010114514,0.3485178934719544,15.130020073826303,131.1941736632933,0.3359522435180658,23.75486888704428,119.427912031823,0.28770570518518,23.114918175366142,101.18643809046608,0.3001579120272703,22.77140534757153,188.42088879127903,0.2971783420046345
19033,IOWA,CERRO GORDO,2022,216.9,658.9834270590264,0.4699855208542898,0.3263468538252504,-0.1447987958694996,0.8782530836682203,0.7517139048714669,0.4416559483978954,0.852981933034767,0.7251581265077441,0.4484943559280274,0.4082675628139305,-0.0252711506334533,0.4253670510462165,15.733230371973416,87.45890721291892,0.3609078189313313,21.338893231656957,104.83027451486458,0.3336790640908235,23.554203166573817,58.36401627103139,0.2416814765591696,21.975135061143817,133.70752990280806,0.2815612429927527
19033,IOWA,CERRO GORDO,2024,199.7,657.5988317649089,0.4264723311804267,0.3126017229834006,-0.167676994618275,0.8434282984190485,0.6979660078769991,0.4196641758740292,0.8366653584054199,0.6857683102854275,0.4009085109578145,0.4169559672386217,-0.0067629400136286,0.3853642848935985,16.539427456452806,218.2686574638356,0.3782986747979953,21.29690178777681,178.32525683120448,0.3662741485904983,21.96807680882168,167.05122656260474,0.3508852027105189,21.64029463368674,66.26998330671574,0.2742113578708187
19035,IOWA,CHEROKEE,2019,208.9,621.5826388237233,0.5023417532415172,0.3708553484250035,-0.0622477607849758,0.8731605579582173,0.7369273065992286,0.4272631753727967,0.8759039625108885,0.740261785276967,0.4329075125785216,0.3708188047167001,0.0027434045526711,0.366071958174225,13.597420476976122,201.72098200516888,0.2904441586411129,20.64904387244873,112.28525407770069,0.2400874817735185,24.03978309198732,48.983067531278536,0.1637583198697096,21.459002791462748,104.10658191665006,0.1711274381864393
19035,IOWA,CHEROKEE,2020,185.7,618.3001341178352,0.3578993337263189,0.2437252454896662,-0.1861019731793102,0.8788384221556933,0.7461340904040232,0.433488596840581,0.8251186755828989,0.6684024845909754,0.3663586018399069,0.5209390884293744,-0.0537197465727944,0.502408844914357,14.200397675247098,105.24835129947624,0.2417008752142368,23.551247413565733,110.56443090446032,0.1958840491211324,25.170609886791112,41.80530311543561,0.132427043206852,23.951944805840448,43.478807576966176,0.1130591368191462
19035,IOWA,CHEROKEE,2022,198.7,592.6249623530929,0.4916624483729554,0.3556424639277126,-0.0796694000731477,0.8476409581785277,0.713247807422319,0.3774919910634087,0.8278872674228976,0.6873080624296103,0.3815188764853071,0.3559785098055723,-0.01975369075563,0.3576053434946063,15.883393541974304,97.252667014942,0.2573834362319985,22.01170277873598,104.5630411458371,0.2223717277326267,24.648141383160286,36.36647291536865,0.1144122555080519,23.253306439474272,67.33239988278906,0.1398598298515224
19035,IOWA,CHEROKEE,2023,211.7,599.8755388236966,0.6234687861405064,0.4841767006015466,0.0903106523867215,0.8277466649858128,0.7024848151391616,0.4253479719667266,0.8509580958642023,0.7097571125526294,0.4136703511523829,0.2042778788453064,0.0232114308783895,0.2183081145376149,17.894898782266562,74.31548461961874,0.2099917949833417,22.845174467449937,95.26901806826146,0.1657098198012609,22.55122023966757,81.87888048015861,0.1633715183071304,23.58258107552517,74.20257086550463,0.1390989176022596
19035,IOWA,CHEROKEE,2024,207.1,607.5621141178209,0.5569528586954995,0.424937504859752,-0.0009417563971781,0.7997784339850718,0.677783371173688,0.3992071867115851,0.8380951683669382,0.7041332857442972,0.408721851891227,0.2428255752895722,0.0383167343818664,0.252845866313936,16.401467916514445,195.8907873072544,0.2843300877424871,21.75159859263044,207.5284229200324,0.2706437785868947,22.576725800262707,85.44219145582132,0.2123016969476596,22.099674549063536,78.34017243338803,0.1498152690770054
19037,IOWA,CHICKASAW,2019,212.1,626.7159211767574,,,,0.813578522814047,0.6692882135063746,0.360760776288547,0.8774658382832711,0.7312672745775671,0.4253393844178847,,0.0638873154692241,,13.250983000331424,210.91814302173373,0.3883336140231508,19.957199585451743,98.2962200499846,0.3544534146422494,23.557398976931147,109.42859945398492,0.308981352023137,20.610289549677752,76.86744437792422,0.2699953981113829
19037,IOWA,CHICKASAW,2020,185.7,641.7221047061901,0.3800944928240644,0.253228020092377,-0.1682339737955555,0.8673261647065401,0.7221042619576867,0.4099869371777858,0.8276034167819408,0.6687254440011878,0.3743983766421671,0.4872316718824757,-0.0397227479245992,0.4688762418653097,13.85735590453019,101.2138369794791,0.3454396914410336,21.33597388843129,195.31284232140808,0.351844723449923,23.600304943920214,70.21039571642898,0.2952143961624902,22.41204303547956,56.22708783139044,0.1975271033916894
19037,IOWA,CHICKASAW,2021,208.2,588.0436023531781,0.4245960186405204,0.2993085513034328,-0.1326494429579795,0.8187680773949185,0.6837425961770304,0.377940367370546,0.7919581258646603,0.6669026001495051,0.4073531332778573,0.3941720587543981,-0.0268099515302582,0.3844340448735975,14.899688555868869,117.03947440608816,0.3236088794304546,23.39079316574526,100.198725763903,0.2791748318447631,23.016349951599484,98.54192864575808,0.2892944127607966,22.67674949184004,183.9121109097383,0.2895759319139188
19037,IOWA,CHICKASAW,2022,214.6,585.4845141178886,0.4482898434358024,0.3044062270776031,-0.158582307075402,0.6737812576048166,0.5743430608083645,0.3701570062114735,0.8617255501507757,0.7409926858862311,0.4569543125214543,0.2254914141690141,0.1879442925459591,0.2699368337307614,15.620519345184425,111.59262070682334,0.3726404734606313,20.845528786043737,107.34313731028912,0.3313627752431469,22.95365785330548,79.5281466985156,0.2690042714851349,21.647719433876286,125.13444326940908,0.2890467753129261
19037,IOWA,CHICKASAW,2023,198.9,586.896631764955,0.5192912824953207,0.4004028710850305,0.0109770168251305,0.8480427905169456,0.7190811978133473,0.4287491883639462,0.7771373215905645,0.6175761645836982,0.3183237504726909,0.3287515080216249,-0.0709054689263811,0.3186783267283168,16.471670971735428,78.48692371542326,0.3254295985926587,22.16291028915976,51.625278649690514,0.2234888022949087,22.67596746150476,47.5841332506221,0.1960989965807496,23.224147293810766,36.50057433539701,0.1931813769340089
19037,IOWA,CHICKASAW,2024,206.5,600.9127164708494,0.4748800542079487,0.342324950900039,-0.1007894723329653,0.7113994094430299,0.5885834153250022,0.3623016797033493,0.8348051906599875,0.6978081906091751,0.4167904266106825,0.2365193552350811,0.1234057812169575,0.2462584644249632,16.386429850203623,211.795311521052,0.3801457204402009,21.086801517823574,147.27127945152574,0.3523077853828916,21.65120686823736,176.23020686639637,0.3502405006757062,21.4969232604938,66.25293497856849,0.2714668418171401
19039,IOWA,CLARKE,2020,155.2,126.83039647057495,0.5180207087640203,0.3633433189709511,-0.0493417719265592,0.8003899830066292,0.6500935049616464,0.3091615516304638,0.7883455814005683,0.6249837709780207,0.313089051994928,0.2823692742426089,-0.0120444016060609,0.2867501859906953,15.105817269538417,150.94104939002898,0.347803054927064,23.246314867184388,160.17272107627966,0.3370883014873781,24.838969235227403,96.19477139766272,0.2974138630036868,23.7920875873697,19.54148213472944,0.2173421745121934
19039,IOWA,CLARKE,2024,183.9,122.67784235293038,0.600336621135801,0.4611342764874164,0.0543378543840701,0.7926192195482854,0.6511733759388995,0.3497309988103778,0.8156097011570855,0.6522133524486818,0.34299166939779,0.1922825984124844,0.0229904816088001,0.190039099451483,17.91887063646002,204.2217943985654,0.374833542145198,24.189660141443746,124.33618593927784,0.2916873422039931,23.929454951442064,86.89935717449997,0.2792776484020984,23.544512511050293,95.12179954696316,0.2367683877952416
19041,IOWA,CLAY,2019,185.5,615.6722435296128,0.5165436188423088,0.3704596085677155,-0.0794222297976442,0.8178910164388261,0.6681264787938491,0.3334449957445902,0.8483527603959564,0.7003079676791665,0.3878031868415121,0.3013473975965173,0.0304617439571303,0.2976668702261336,13.1999280585315,199.9960765688244,0.3704113609577168,20.3409825275005,127.51728265755942,0.3237239637824555,23.53597721620684,70.1623337429972,0.2792628921791844,20.946863099695587,99.58842886783992,0.2520586229992001
19041,IOWA,CLAY,2020,168.1,622.3970611766833,0.3093584314330604,0.2035219737004942,-0.2544602018902978,0.8784595326415571,0.7427373054374341,0.4266251794103722,0.803753192963508,0.6405516237720301,0.3441743043470152,0.5691011012084967,-0.074706339678049,0.5392153317369399,13.99013801982498,112.48440930873872,0.3258265218678503,23.068420305122476,112.49965315809416,0.2739243912614359,24.81219044275568,36.9281454307992,0.2107515267230435,23.53415626408106,41.917824954958256,0.1728989630853122
19041,IOWA,CLAY,2021,203.3,591.2569094119305,0.4757383152319137,0.3510890785273477,-0.1289554076242882,0.8195506095433754,0.6794322207768628,0.38555266439994,0.8135599180335342,0.6638964051097083,0.3643339120698858,0.3438122943114617,-0.0059906915098412,0.3283431422495151,14.955231234998973,100.40547893708562,0.3079213581430576,23.936426579108957,69.89233116619468,0.2403849802009158,23.49250945383242,116.95837679450035,0.2545189364250771,23.63972827494148,84.05452244312244,0.2216164024288729
19041,IOWA,CLAY,2022,191.4,609.0285811766519,0.4735869584646878,0.3338811832118059,-0.1266831349563635,0.8706414443790923,0.7321766772393126,0.3944431658469062,0.7833216583761545,0.6521548741306182,0.3812502330441175,0.3970544859144045,-0.0873197860029377,0.3982954940275066,15.646139146675372,96.44343152146544,0.339842922696386,21.81550887801643,85.98498227152363,0.2983305664220446,24.32816603146674,52.69819796265446,0.1997276151360991,22.774705304855328,72.08746816860375,0.217184497142297
19041,IOWA,CLAY,2023,203.9,582.7655400001578,0.7448692629099728,0.6021013703978098,0.2414080015289864,0.8363397972844163,0.7053874989089409,0.4155567496338542,0.8567834696764149,0.7183306251617132,0.4265171569655617,0.0914705343744435,0.0204436723919986,0.1032861285111311,17.464284287879934,93.5041856047489,0.3008110521520649,22.465474168173188,92.0779274895411,0.2513135289214566,22.208740982641835,69.4198453273309,0.2449771834785776,23.347106225516605,65.05137416655184,0.2053234962529526
19041,IOWA,CLAY,2024,176.1,584.723915294269,,,,0.7595321733236702,0.6120485513576531,0.288849124313099,0.7675780699466093,0.6226060294784178,0.3288199994970695,,0.008045896622939,,16.246967358977827,205.13792158713213,0.3596581941070185,21.341286108577027,225.10658983587945,0.3521336304144872,22.30922414795569,80.54304210998757,0.2888492283434719,21.7607873336131,79.27448031495173,0.2329847184689474
19043,IOWA,CLAYTON,2019,197.5,589.2757552941945,0.3374548354080243,0.2249962478114373,-0.1026232921026143,0.8109835773921303,0.6636768014412788,0.3594648724177597,0.8603643505032722,0.719366426409577,0.4361447363807963,0.473528741984106,0.0493807731111418,0.4386805536298415,13.671029802385029,172.93140193943168,0.387712065734046,20.179463467552637,126.56004688194147,0.3669004931343147,24.11145928642,126.56113186028568,0.3451209052619431,21.111998888077668,77.4381200526264,0.3105161831679048
19043,IOWA,CLAYTON,2020,191.1,581.9358176471316,0.3665013898280996,0.239436300450216,-0.0972755045800394,0.8585227203907919,0.7151457173090597,0.4258472652377017,0.8388868587452363,0.693235850682984,0.4116314044242581,0.4920213305626922,-0.0196358616455556,0.4757094168588437,13.965600359576085,108.24650166251864,0.35879041111875,21.446450823618388,178.2371501967946,0.3586580773942341,24.021884637206664,124.22129126132906,0.3432586869319537,22.55560022057039,36.00816454085349,0.24668359529857
19043,IOWA,CLAYTON,2021,195.3,544.1134764706129,0.3905566470299819,0.272962760484204,-0.053511524144669,0.8080009100392817,0.6704847426087428,0.3819013541365462,0.826944707674799,0.6937732103311739,0.4082154998920227,0.4174442630092997,0.0189437976355173,0.3975219821245387,14.696410287993809,110.5609758717277,0.3527459555024285,23.12170679371109,100.38544030255932,0.2978728174312386,23.368772042784048,72.71110574563355,0.3057169704496454,23.366052463720976,90.57180947862346,0.2789736279799427
19043,IOWA,CLAYTON,2022,215.4,500.8188529411998,0.4288591443163335,0.2939380017197345,-0.0665360612703769,0.8593417869514982,0.7250956981606635,0.4317411444014611,0.8793109428930349,0.7540329788568009,0.4714531053662426,0.4304826426351647,0.0199691559415366,0.431157696440929,16.15392444839469,117.05185971694948,0.3739079470159776,21.16323735107864,93.51857678304108,0.334392365423113,23.146856452790125,136.51830925741095,0.3250363266562351,21.99910307464884,104.42685258505578,0.3276663823364851
19043,IOWA,CLAYTON,2023,201.1,520.0379788235615,0.4784619487280645,0.3515597092680422,0.0097036331219187,0.8233545127851176,0.6988446154492985,0.445532739658207,0.7949654831858189,0.6581388632141537,0.3922079984784876,0.3448925640570531,-0.0283890295992986,0.3472849061812563,16.357335871368615,68.6696986076578,0.3313301131744737,22.22983941360987,40.433596655287424,0.225035810234096,23.32595357591643,45.11166557286276,0.2172595899688418,23.61763159776732,27.401539396367195,0.1912406129568637
19043,IOWA,CLAYTON,2024,220.2,572.9204858824024,0.4641649375757414,0.328316864024701,-0.0117430212221515,0.7813946913586738,0.6394870715936875,0.3840178697269941,0.8545017228543279,0.7209359813923356,0.4483537308010309,0.3172297537829323,0.0731070314956541,0.3111702075689864,16.641278645159574,161.56617016023404,0.3802716937497825,21.419568984112587,113.71623875080888,0.3541051434722176,22.019296449517785,170.34066475543077,0.3635121169060054,21.985358097082063,77.13569554094823,0.3171320046467046
19045,IOWA,CLINTON,2019,196.1,769.6253258826472,0.3079317562363497,0.2046579137478166,-0.1735791745119,0.7750518118023896,0.6375289108303956,0.2976277612241133,0.8558540242133486,0.712925251462597,0.4075058130144876,0.4671200555660398,0.0808022124109589,0.432870997082579,14.84939946517138,149.05082766711686,0.3874896957927384,20.804367736342236,88.13522057987302,0.3456854864456094,25.294215480728337,57.0980790650384,0.2597643897673063,22.43005898274196,102.26232763260764,0.2516170506024603
19045,IOWA,CLINTON,2020,178.4,803.1323576474049,0.3497014236565645,0.2272509951867648,-0.161292128710753,0.7947450118445808,0.6728037471143913,0.3970250643454583,0.8057106896913647,0.6555245355315168,0.3771002560262492,0.4450435881880162,0.0109656778467839,0.4455527519276264,14.681477693355014,153.7121988193985,0.3660718945691562,22.030077555731463,100.05077769089104,0.3231763396238177,24.73434090387721,97.19370252467806,0.2972818456499413,23.278836878330694,45.238950332924674,0.2100915371963979
19045,IOWA,CLINTON,2021,206.5,755.6019035296935,0.5423316113139885,0.404739082234938,0.0114325367162892,0.8621093270118257,0.71573158978792,0.3777761356669332,0.8218734489306545,0.7029829956201961,0.4135170858571445,0.3197777156978372,-0.0402358780811712,0.3109925075529819,15.275985969746005,110.66535125812766,0.3478507392968612,23.40668568388892,116.91717998833354,0.2733135013226768,23.580886157118197,59.37662705440548,0.280419052896098,24.0761856879232,75.58645765300788,0.2319405502218971
19045,IOWA,CLINTON,2022,225.2,729.7167000002481,0.5140213430635581,0.3772565814426329,-0.0525491024952712,0.879996611259661,0.7594793276603846,0.4473826361485282,0.8697271339482733,0.7501078940550192,0.4531947800007524,0.3659752681961029,-0.0102694773113877,0.3822227462177517,17.231851693145593,137.05171706582897,0.3631110813066565,21.68969479790625,119.80577522468622,0.3318461444740334,23.808402607669983,54.51277013156987,0.2457282270659575,23.16698802966892,60.34220022577243,0.2220534402956996
19045,IOWA,CLINTON,2023,198.0,750.1537800002736,0.4720709962859429,0.3614962399109432,0.0146211332647105,0.8236909557948602,0.7025806278955999,0.4214693875848865,0.8675064043860582,0.7431691513711656,0.4201063242304003,0.3516199595089172,0.043815448591198,0.3410843879846567,16.913100632108925,94.74316662596146,0.3122933538308268,22.73819061678762,23.840091800767727,0.1721122897452267,23.735227326729905,88.14760224778065,0.2297510408491692,23.718717811758356,42.82806106245783,0.1991873418823628
19045,IOWA,CLINTON,2024,235.9,756.6762776473424,0.5778840281345652,0.4449716157377154,0.1044233089522628,0.857247063607822,0.7272137793161506,0.4556946022297384,0.8310204768301551,0.6915402421492407,0.4070173579438159,0.2793630354732568,-0.0262265867776668,0.2822421635784352,17.62656124455943,168.4640710354009,0.3810578161163648,22.45681346717644,122.36607417716066,0.3232264976819295,22.435157779675563,169.43043067965547,0.3582442984542934,22.44579242203663,87.5923233154138,0.2993773318189331
19047,IOWA,CRAWFORD,2019,234.7,858.1404423532357,0.670689076062424,0.517834418706965,0.1277133927905264,0.8801808212435441,0.7513589975501768,0.4396383867373674,0.8749030274579854,0.7477108417793127,0.4356187687538855,0.2094917451811201,-0.0052777937855587,0.2335245788432117,14.208862870366485,222.3777066347952,0.3902567276058419,20.97938058296073,123.06111433914428,0.3504950495625014,24.39383844574079,50.43831354606196,0.2470600111393635,21.88291334037698,132.12159227480268,0.2828996029087783
19047,IOWA,CRAWFORD,2020,181.2,865.6504976473645,0.3504468479710012,0.2365276557519064,-0.1195556210365323,0.8784487228181267,0.753381865103981,0.4411794530102415,0.8007983573730602,0.6579747752357133,0.3440436691519093,0.5280018748471255,-0.0776503654450665,0.5168542093520745,14.519960374531282,99.1737240943468,0.339684377476582,23.658037246254853,122.67330802201528,0.3159443338665941,25.0424648761819,61.57336574712279,0.2462772179605936,24.22035261144537,24.43983483346641,0.1748822896339386
19047,IOWA,CRAWFORD,2021,218.5,794.418847059031,0.5081602321556494,0.3819591503355242,-0.001655999924967,0.8167658178563427,0.6961452370024892,0.4121488905489829,0.8356004890811263,0.709804484843955,0.3996979096452027,0.3086055857006933,0.0188346712247835,0.3141860866669649,15.474386245501606,129.07273270393912,0.3484090955639085,24.41416291767929,80.90203711827182,0.254579393110966,24.113664263663043,108.16760372253243,0.2607557887471269,24.3017004611952,130.8493854519967,0.2392760702229853
19047,IOWA,CRAWFORD,2022,216.4,810.918483529641,0.514176790069263,0.3766313524434951,0.0050945915073457,0.8578693852440026,0.7365177814289413,0.4251210622888284,0.8388072592205558,0.7085836381803102,0.4129776328393487,0.3436925951747396,-0.0190621260234468,0.3598864289854461,16.221309983354725,154.37520543451043,0.3754178668701872,22.252395081879804,133.95156783605182,0.3355754152400864,24.322947797606503,57.26253102798685,0.2431390080688296,23.618204163115603,70.44293501513177,0.2168779972297216
19047,IOWA,CRAWFORD,2023,187.9,785.6088811766704,0.4305522009553507,0.3240167870121592,0.0805605958415997,0.8387662047252527,0.712740436679387,0.4043091239947735,0.8421041443128291,0.7132960958640866,0.4020527648809119,0.4082140037699019,0.0033379395875764,0.3887236496672278,18.219249286367205,69.56466988105475,0.3076139687733142,23.29003487667936,58.25241778278607,0.2308971523126684,23.40350761834073,74.25695413975633,0.2272920661915637,23.745197960900068,73.50801521549536,0.2297670017430544
19047,IOWA,CRAWFORD,2024,214.2,850.2993352943989,,,,0.8243529002574593,0.7080663909832738,0.4250316894880356,0.8389943513022898,0.7152457033235241,0.4182922564892455,,0.0146414510448305,,16.822551996674562,237.16505172997003,0.3778976100739865,22.524635709512133,201.98564373987227,0.3654998655378652,22.96635610987019,104.16082965067253,0.3167008796003708,22.57932405525556,74.65321463938554,0.236795471324537
19049,IOWA,DALLAS,2019,195.0,544.0349470589694,0.5116932544138793,0.3847370515683033,-0.033707771098164,0.8631782891090621,0.7326178497530097,0.4344234827776121,0.8587239636479065,0.7162445361299079,0.4265396056161786,0.3514850346951829,-0.0044543254611556,0.3478807981847063,14.83404732433516,249.47795276107604,0.3918728051914852,21.31206399648811,93.12346776571218,0.3399390252548666,25.21318311758434,59.00178220033754,0.2392525272148045,22.69609996000255,80.78339521909606,0.2409762976921348
19049,IOWA,DALLAS,2020,139.7,558.3270882354632,0.5113250205539399,0.3685541429224625,-0.0994934359302687,0.8446413095818868,0.7141876761683359,0.4016321179367694,0.7488840736850269,0.5800756775405121,0.3276378085363646,0.3333162890279468,-0.0957572358968599,0.3456335332458733,15.16529876111905,133.37379518597626,0.3356367264412749,23.29209009284619,172.67748749966648,0.3375184853459402,24.806760314147493,100.34597070544,0.3011218450837934,24.30373242316799,19.95081381217096,0.1925682706424952
19049,IOWA,DALLAS,2021,209.9,486.1406752941831,0.5492468779596102,0.4184031743470401,-0.0455294301830361,0.8320053318470065,0.7069156297752722,0.4030991389112362,0.804712351703047,0.6685661896694683,0.3750555474059772,0.2827584538873963,-0.0272929801439595,0.288512455428232,15.837633464303249,139.4578624696801,0.3453122479684347,24.53438193696939,56.48752032246048,0.2489420959643358,24.42345924861326,117.03365852475208,0.2579851787427178,24.87840309124596,87.04000639320815,0.2406758817301471
19049,IOWA,DALLAS,2022,187.2,526.4431094119029,0.5226610224503747,0.3695408361470833,-0.0845384794914291,0.8450117785110246,0.716259780434048,0.3996084442591086,0.8094393642444176,0.6782653468055385,0.3976134923474755,0.3223507560606499,-0.0355724142666069,0.3467189442869647,16.89604183184286,165.9451435247572,0.3753721781112082,22.75877962961189,106.17884651267538,0.3273789285717107,24.654522737305676,85.62422881377805,0.2666165498586988,24.03521921384774,59.83782566128275,0.2117487270782923
19049,IOWA,DALLAS,2023,210.9,487.3490011765433,0.7441078912580325,0.6009855844115456,0.2107872376369249,0.8527959874104551,0.7274164450704473,0.4479485044001985,0.8149479167217297,0.6679427988631162,0.3805259869619478,0.1086880961524227,-0.0378480706887254,0.1264308606589017,18.128972190688497,85.38545305822448,0.3132093942622399,23.26902662694633,64.06122544874448,0.2223608272670122,23.82542486542297,45.62872239186889,0.2158119626988751,24.23304474173939,55.66752757287287,0.2107095212135791
19051,IOWA,DAVIS,2019,160.0,184.7688811764529,0.3300086408381654,0.2182679856412495,-0.1515281042311835,0.8040389912404852,0.6479997592539909,0.3225488709052614,0.8001778554521881,0.6451916965375243,0.3544718616791765,0.4740303504023198,-0.003861135788297,0.4297317736127413,15.900331948050852,195.03252760663293,0.3912136584185068,21.805241191107516,132.25460575308958,0.3336302959302448,25.83655175757541,46.33723784831905,0.2275888589158987,23.89259933899141,68.85382245807277,0.220362761706483
19051,IOWA,DAVIS,2020,170.0,172.3487647058601,0.546871816652953,0.3815742955335137,-0.0205556182340728,0.8256853193665343,0.6828353948321456,0.361295784010038,0.7481509518150026,0.5826186766628287,0.2900725139870962,0.2788135027135813,-0.0775343675515317,0.3012610992986319,15.390940754394933,132.71396247413372,0.3561870149931789,22.99246905732866,164.7343523339839,0.3371765189416851,25.15949228668718,108.74212057055436,0.3118504722328752,23.77979160690355,21.929936825081985,0.2296137926074908
19051,IOWA,DAVIS,2021,152.5,186.97929176468492,0.3968416119385757,0.2708647081514546,-0.1098401925797269,0.7306948296078626,0.5738611307961089,0.2779620854784193,0.8094000322856095,0.6386140437921766,0.3453095647511127,0.3338532176692868,0.0787052026777469,0.3029964226446543,15.967954074240232,183.08816342553692,0.3566988920233897,23.9453046921788,129.54569797682586,0.2916781298062581,24.01297551604677,158.34325894730992,0.3347619165570017,24.642056382703657,110.56202163068755,0.3116404430646905
19051,IOWA,DAVIS,2022,154.9,154.81725882351046,0.5523034894590796,0.3870844631858867,0.0054201147796324,0.8628737618866569,0.7265985089136773,0.4220526845387554,0.8258658282900445,0.6754410962889869,0.3874841788498472,0.3105702724275773,-0.0370079335966123,0.3395140457277905,18.0689046263196,111.37938479702989,0.3482874979035661,23.897975114854017,72.70169545204091,0.2831960818210618,25.820648716176148,63.100901851155136,0.2072514281668427,24.79552795479452,61.01397107329459,0.2029630917036553
19051,IOWA,DAVIS,2023,179.8,179.5755741176252,0.5884810238468225,0.4525770202264536,0.05488276157447,0.8237951304578126,0.6858682358234568,0.3635635013643771,0.7323172281807244,0.5643216574243274,0.2612719104047424,0.23531410661099,-0.0914779022770881,0.2332912155970031,18.861052324275,51.338260671320754,0.2547256227421686,24.103930521096512,39.595627804763296,0.1746723291139997,24.733118047634203,81.12690181032193,0.2315609882384491,23.973980360953597,124.06761400874404,0.2730808883217792
19051,IOWA,DAVIS,2024,194.9,169.96310470585894,0.4897626954373689,0.3629728025656185,-0.0244365566972261,0.799256921544433,0.663719903417519,0.3692952549213798,0.8188744984882448,0.6729109143215259,0.3822813684312077,0.309494226107064,0.0196175769438118,0.3007471008519005,18.54538682028753,135.27145225018796,0.3679337091473474,24.067372132494857,144.01035382870123,0.3132488907666239,23.84671100037079,138.12029736986344,0.322542944092978,23.698885906210997,69.41102572246014,0.2395230662949893
19053,IOWA,DECATUR,2020,159.3,129.19147764704914,0.5814022153161866,0.4164916888924657,0.002238808669809,0.8268103313385525,0.673760625213608,0.3306101297130143,0.7864306162159473,0.6175322654293743,0.3223783133553062,0.2454081160223659,-0.0403797151226051,0.2572689363211423,15.212006163612536,137.61131920206037,0.3520020279314393,23.3761236119558,132.7719439955309,0.3307199836572848,24.95800568360529,133.97555194036474,0.3077832605347739,23.57546902599968,23.808911802231155,0.2425410396857695
19053,IOWA,DECATUR,2022,148.7,112.4794835294034,0.4714755302774572,0.3212803603225424,-0.1108804731545372,0.838886808120022,0.6962121270516096,0.3512542608644377,0.791208171784404,0.65968544448221,0.3692368350579894,0.3674112778425648,-0.047678636335618,0.3749317667290672,17.605104422111406,123.83055451783213,0.3552128214906194,24.09686066058381,62.80640617160011,0.2814471242299698,25.625876791303224,84.22687934020624,0.2259414505191085,25.069940729892352,57.86008544445119,0.197695977550847
19053,IOWA,DECATUR,2023,205.3,147.3337552941029,0.6603267807619523,0.5148186747018901,0.111655067623473,0.8352234427037669,0.6978629129582379,0.395829540855065,0.8160850559569384,0.6527272818813572,0.334713962498081,0.1748966619418146,-0.0191383867468285,0.1830442382563477,18.380191637708265,98.70722326478742,0.3079740897800115,23.6703514048205,54.24234495769908,0.2082463517762391,24.156921860148906,90.63830867795402,0.2531526203389568,23.67266006913625,228.0656001865269,0.2944889688307585
19053,IOWA,DECATUR,2024,172.2,124.44343411763673,0.5866066719194709,0.4487797015556178,0.0460510378484361,0.8053668138581117,0.6683346160022502,0.3707558964574105,0.7819182393545925,0.6103234985965825,0.3101079657582266,0.2187601419386408,-0.0234485745035192,0.2195549144466324,18.184313766914507,179.16351271855362,0.3726864965097318,24.441958859524867,125.68680936456504,0.2921896696062783,24.193475168668748,80.37384751257923,0.2703612260677899,23.727213871813884,104.5103977757731,0.2384999619842943
19055,IOWA,DELAWARE,2019,204.5,818.4367729415693,0.338837858860219,0.2317886237457964,-0.1909004353768308,0.8329946662673683,0.6928487819001984,0.3767174144724516,0.8642093455864417,0.726968555329562,0.4363144722651998,0.4941568074071492,0.0312146793190734,0.4610601581544019,13.85256333021195,193.31117580837488,0.389469820806501,20.19160338007117,125.25157071114208,0.3640540881201758,24.149504382604206,81.92633634055494,0.3018757190347697,21.226916433955257,83.59704778973511,0.2660175527550901
19055,IOWA,DELAWARE,2020,190.4,794.4548047062431,0.3994830500101964,0.2733022818840241,-0.1507479080973822,0.8620163018014353,0.7263932769408655,0.4315259004138939,0.8322258510536215,0.6893747214827797,0.3991730921964406,0.4625332517912388,-0.0297904507478138,0.4530909950568414,14.078273812622736,124.33231955357462,0.35542665525299,21.491590083469227,164.46113491492267,0.3458149471947286,23.85508555082865,136.4510808635905,0.3344584503881749,22.40419763631091,41.9621751367074,0.2219017710767559
19055,IOWA,DELAWARE,2021,218.0,731.2459694120306,0.4503895284495058,0.3221287755899118,-0.0977259533149473,0.7972495784940092,0.6731540715574416,0.4057395251043293,0.8479719318653076,0.7207564998314199,0.4239194593988381,0.3468600500445034,0.0507223533712983,0.3510252959675297,14.753065751044351,106.47208849498578,0.3435773562824004,23.10524671294142,106.56345087619876,0.274163647099625,23.274329114613263,54.46921258669288,0.26703491301383,23.492889580269605,76.7286281171758,0.232434276767715
19055,IOWA,DELAWARE,2022,230.8,709.5808870590727,0.4859909407411157,0.3490120775910609,-0.0894267951945659,0.8492667141517545,0.7244590603482467,0.4261149715644877,0.8795611907823189,0.7589618432642319,0.4717315676998828,0.3632757734106387,0.0302944766305643,0.3754469827571857,16.379204907785766,111.85710279663677,0.3654090781906511,21.291027740970605,82.93701043978308,0.3106775702465261,23.36318204039036,93.96654206525396,0.2695906609851007,22.248926591230912,89.8479315490735,0.2630847967966409
19055,IOWA,DELAWARE,2023,198.9,747.9022870591216,0.5553286025325771,0.4250076600051657,0.0257196978497215,0.8434165776318022,0.7213143501681203,0.4554532746647892,0.774859364650961,0.6335712359791572,0.3547284160070236,0.2880879750992251,-0.0685572129808412,0.2963066901629545,16.41976449140128,79.46963102674587,0.3195415604871861,22.34955916600616,33.30559346667071,0.1911939131492117,23.244010674798115,60.60229746291125,0.2127139616014407,23.5031597087682,37.88303506909895,0.1879935299091133
19055,IOWA,DELAWARE,2024,219.5,763.6542811767898,0.5480875150969091,0.406171808644538,0.0055017420306596,0.7422924539558978,0.6148942224256866,0.3697581682188335,0.8444409753653374,0.71339585967922,0.4408687232667242,0.1942049388589887,0.1021485214094395,0.2087224137811485,16.830059046952318,151.19271168268568,0.37597393593864,21.595729322952597,119.37527917951498,0.3374126512327664,21.848157644510824,160.41685946688222,0.3570390924254292,21.79519831953084,87.4616523518578,0.3035087629009722
19057,IOWA,DES MOINES,2019,176.9,279.11908588234354,0.3341799941141147,0.2258222266928013,-0.1777796234147044,0.770938161320556,0.6300279642243551,0.2938541949986491,0.8194684159670836,0.675741818410283,0.3622518586608472,0.4367581672064413,0.0485302546465276,0.4042057375315537,16.200340313592818,230.57841510640213,0.3953645923258063,21.76452419185457,158.9033919544922,0.3435946539858893,25.954203228269822,37.53329851550732,0.234265783025107,23.746110499459437,69.17904965998243,0.2126247805242972
19057,IOWA,DES MOINES,2020,190.2,301.14599294116186,0.4700794297861064,0.3321506976184265,-0.0946208293476985,0.8498110688964303,0.7204667437599206,0.4322167984516889,0.8273198774608906,0.6878050037482558,0.3899657271083168,0.3797316391103239,-0.0224911914355396,0.388316046141494,15.508558994020804,173.7110922673049,0.3654448733067713,22.818285968173385,101.46116168629696,0.3106614581316435,25.276315441428643,108.60202801489008,0.3042846649345048,24.08150641280964,19.916272870505388,0.2004432719537456
19057,IOWA,DES MOINES,2022,194.8,277.32812470586214,0.6073151291139638,0.4619140343706329,0.0283106424174462,0.8819774067220506,0.759449514571793,0.4390503633035284,0.8607772970332996,0.735587989406237,0.4323436756220284,0.2746622776080868,-0.0212001096887509,0.29753548020116,18.229585311896574,105.4242492005934,0.3542823251850392,23.300787302640483,90.50062981923524,0.3086295433084827,25.335635066619723,42.83606254148642,0.2041622258230489,24.359205277447785,55.39453469946383,0.2071361618109659
19057,IOWA,DES MOINES,2023,207.9,293.52533999997706,0.6225925773699482,0.4958862122718702,0.116366474458245,0.8325391999607862,0.7045894893083837,0.4172370553585597,0.8102295819628846,0.6729910780937263,0.3847149251889733,0.2099466225908379,-0.0223096179979015,0.2087032770365135,18.571925567410712,55.541907865608,0.2852482111038781,24.12823885078,20.08198683567704,0.1641749560552223,24.43389547427818,120.876435458469,0.2628441360866319,23.887337755444136,128.48735300203097,0.2647338139009094
19057,IOWA,DES MOINES,2024,221.8,286.9726835293953,0.4672106002399477,0.3420711593579755,-0.0704019653754036,0.7411175680571284,0.6216162690910179,0.3847015916448441,0.8167010147649792,0.6620847103284756,0.3730369595169127,0.2739069678171806,0.0755834467078508,0.2795451097330423,18.78225918499106,101.27837929502584,0.3635473838612775,23.950961800748452,102.38370104702624,0.3026241917588753,23.84077417605513,144.16582863377872,0.3099892519600059,23.484029318785705,88.06933350207709,0.2625348060179827
19059,IOWA,DICKINSON,2019,170.0,381.0936141177132,0.491917760745218,0.3537027519036287,-0.0853055799496279,0.8439823957454237,0.6956886193836501,0.3712507937184037,0.850802790615166,0.7069678293700319,0.4035894304216802,0.3520646350002057,0.0068203948697422,0.3419858674800213,12.830326914511556,196.79864987791763,0.3881005829981763,20.098469265054188,118.55972145986064,0.3419193466671411,23.223433945119485,76.65338637902835,0.314737987159707,20.60430521886877,98.04512045249383,0.2832597426512959
19059,IOWA,DICKINSON,2020,182.2,388.4731200000616,0.2993514409581226,0.1952217835916276,-0.2661990922946632,0.8840282500795255,0.7385877262482554,0.4157934353456233,0.8294037314513214,0.6693543715791987,0.3687716105997437,0.5846768091214029,-0.054624518628204,0.5433659426566277,13.657317017782544,118.28391753208024,0.3538071487535305,22.78801810862192,86.51304401964245,0.2911864069054315,24.525910954415853,48.62757152570271,0.2336781517060001,23.128600364575824,47.07365956345265,0.1998656368676821
19059,IOWA,DICKINSON,2021,177.7,366.403761176517,0.537010673974914,0.4070078127145992,-0.0550578995990856,0.8119112560639382,0.6662761048690032,0.3697356887685877,0.7714910353185153,0.6128984532936231,0.3208146787531744,0.2749005820890242,-0.0404202207454229,0.259268292154404,14.698003032753569,77.64734638373821,0.3290874250102663,23.829562322704778,45.87280173405198,0.2464309495432155,23.57610365716983,94.72785574199727,0.2547984375375179,23.520480537279848,98.15476214811524,0.2376915826998969
19059,IOWA,DICKINSON,2022,203.4,380.19063529417343,0.4661068563014745,0.3243890267803057,-0.1345978415463156,0.8811278422961323,0.7534310285961617,0.4289051276853483,0.8420300839189592,0.7027841988007019,0.4103681314760013,0.4150209859946577,-0.0390977583771731,0.429042001815856,15.372086868546363,97.00344158075202,0.3546708515523608,21.6339410868488,80.79103274490029,0.3190621550065757,24.08136738271041,62.59749505596525,0.2246986976698276,22.376802112417057,83.2402034053716,0.2489128997393586
19059,IOWA,DICKINSON,2023,201.3,372.48885529417294,0.7589892152847072,0.6106606713903368,0.275671436650997,0.8484404324439462,0.7151354683707889,0.4207853743711027,0.8187019584630032,0.6663610719838934,0.3855085042224766,0.0894512171592389,-0.0297384739809429,0.1044747969804521,17.182449115285277,115.0088315100942,0.3250796773167607,22.2509244169975,82.42270637366104,0.2810776095470126,21.9602931503207,73.24409711108967,0.2617588422298278,23.06123971984067,62.42756100857795,0.2321127232111594
19059,IOWA,DICKINSON,2024,160.8,361.4189858823989,0.2631051439125089,0.1723650389036976,-0.2654651951605595,0.7383223482668845,0.5798453400497332,0.2437124053768427,0.7423331462849796,0.5929305533099857,0.2982921751267658,0.4752172043543755,0.0040107980180951,0.4074803011460355,16.00176341787662,218.79503599562423,0.3762069244428859,20.931672034389845,256.23849363791817,0.3723249794942373,22.20119500939927,82.69255756338787,0.3102014847643353,21.500688499546357,67.15906042947137,0.2570282787775886
19061,IOWA,DUBUQUE,2019,216.4,567.4493647060335,0.337184867304141,0.224850144466629,-0.1035268096501853,0.8011620344502033,0.6571391021258652,0.3483582227043124,0.8696295354055092,0.7294477086982539,0.4362823094248654,0.4639771671460622,0.0684675009553059,0.4322889576592362,14.02000064779751,164.79764942568568,0.3893839273864132,20.29226217554993,112.7251301793596,0.3667468909898214,24.491813558017004,96.29141555352398,0.3228260013938984,21.436678951767146,74.80453465051991,0.299718864307126
19061,IOWA,DUBUQUE,2020,197.1,575.3842658825049,0.3631576668338026,0.2354638540184537,-0.1007277639476739,0.850771189254975,0.7096482004651202,0.4135985965546929,0.8417113960866437,0.6968721074185058,0.4035960966321455,0.4876135224211723,-0.0090597931683312,0.4741843464466665,14.11872646053674,125.62783216962434,0.3637036048376662,21.583565820435613,139.61433340426072,0.3540428029075956,24.240246698679087,123.09417483305594,0.344178665416627,22.586644767816992,48.46815774274378,0.2633949937467134
19061,IOWA,DUBUQUE,2021,217.2,543.7699976471794,0.3992838416895032,0.2757689677398851,-0.0604664244018935,0.8078107127034824,0.6685756177906377,0.3717823962030191,0.8478695822766356,0.7169008100844535,0.4238957322649678,0.4085268710139791,0.0400588695731531,0.3928066500507525,14.755676327377548,99.40223362632328,0.3528296011794145,23.031767944480755,120.68136730332174,0.2985946565913915,23.41789559738288,49.20332892507836,0.2936303235618354,23.73652364540109,66.2821004362339,0.2517205461249002
19061,IOWA,DUBUQUE,2022,223.7,529.3332423530514,0.4574669571795515,0.3203863930264808,-0.0434984415651883,0.828470837079518,0.7007683829551558,0.4007476426943033,0.8815851526712153,0.7569158621732776,0.4617827997669165,0.3710038798999664,0.0531143155916973,0.3803819899286749,16.520015385094144,109.31450885832751,0.3677218334012516,21.296101102625848,90.44160676289437,0.3329138061093123,23.42411696959306,78.55114763889995,0.2935883844113713,22.39842246528983,84.56818185810391,0.2886264320299335
19061,IOWA,DUBUQUE,2023,199.5,538.873249411905,0.4859105738280943,0.3637381853244936,0.0206827297444095,0.8349795198519581,0.7097783210476782,0.430941075850088,0.8332819230732663,0.6960585227716739,0.3984719950359545,0.3490689460238637,-0.0016975967786917,0.3460401357231846,16.349841461529262,80.79422953111259,0.3301874675603014,22.20591501746817,37.12814856351039,0.217522158519236,23.41705861537516,60.37559238917678,0.2309931951810324,23.371533631831507,44.32786790400876,0.2165728329957426
19061,IOWA,DUBUQUE,2024,221.7,608.3409000001527,0.5085907003504697,0.361373572347627,0.0211707485031172,0.8100347968756669,0.6644115656353669,0.386778560229695,0.8418325712085449,0.706180362761759,0.4271156250986035,0.3014440965251972,0.031797774332878,0.3030379932877398,16.92555380313957,131.3360951039317,0.3765542708443949,21.689234097003418,126.1619236197431,0.3539742572184742,22.071065612656763,160.62995632616705,0.3714689215780811,22.08481243732852,90.25876214784608,0.3295452019427613
19063,IOWA,EMMET,2020,186.1,468.5252717648675,0.2952602903716836,0.1951016242952218,-0.2774780997185642,0.8902443110279887,0.7500371850232992,0.4318421855125182,0.8348836906165141,0.678518556583076,0.3853631313132056,0.5949840206563051,-0.0553606204114746,0.5549355607280774,14.026642959179949,140.47705285450272,0.3510000522695712,22.73504556859204,90.50976715557869,0.2991142745287413,24.479747263437524,60.23703968622605,0.2367898043166524,23.21255053099706,46.53583476406944,0.1938834414907034
19063,IOWA,EMMET,2021,182.5,439.9185211765879,0.5550451781447693,0.4248682722577589,-0.0486489572294761,0.8254579893740205,0.6877885010622542,0.3981701391218504,0.7595667912612667,0.6066108256010512,0.3234911115538111,0.2704128112292512,-0.0658911981127537,0.2629202288044952,14.99128731404322,100.05346394741665,0.3346099417995509,23.945580608453906,56.201970700036775,0.25724568316369,23.576682532048324,95.96367009633046,0.2556857986048345,23.322269932402563,127.22364316581545,0.2491127933130137
19063,IOWA,EMMET,2022,213.6,448.4870858824899,0.5313996643623636,0.3871001639304118,-0.0872128166926414,0.8911036080975216,0.7701998305474131,0.4532997994378636,0.8472249386509835,0.7186639125663328,0.4348615289995322,0.359703943735158,-0.0438786694465381,0.3830996666170013,15.596889698538249,96.67512281728357,0.3609694613727241,21.759969972173018,80.90084185723062,0.3212235057764613,24.12931934949756,58.94722841398429,0.221001958653599,22.380900718986734,98.30373296437575,0.2542398269993322
19065,IOWA,FAYETTE,2019,200.5,817.4517317650168,0.3400214162607254,0.2280677564440626,-0.1653736218877899,0.8153611230578848,0.6770220064929781,0.3768704523319002,0.8747572711843267,0.7329289540923816,0.4340589936694332,0.4753397067971593,0.0593961481264418,0.4489542500489154,13.41099497766042,206.4132512031478,0.3867801074544202,19.97324401396504,115.8633077577634,0.3594623642246791,23.78503085837428,97.60780366905986,0.309851795592335,20.843947392149573,81.88094565902931,0.2707366882757338
19065,IOWA,FAYETTE,2020,180.1,811.9655752944299,0.3944256393923119,0.2674074502038707,-0.1325777430747959,0.8474381557458784,0.7042429912680105,0.4079902185801034,0.8318021659941311,0.6744424344026023,0.3804109033686524,0.4530125163535665,-0.0156359897517472,0.4368355410641397,13.836158845472765,104.1120358124352,0.3473293243333145,21.29445700911926,206.5757330181367,0.3504806074517718,23.618303485182786,125.63912233373108,0.3241359959495441,22.255613468235964,41.774913457740816,0.2219988970900033
19065,IOWA,FAYETTE,2021,205.6,753.0293682355198,0.4296901299864204,0.3056976601232605,-0.1078526289200996,0.8207763949036512,0.6826075310142158,0.3422817535978992,0.7996095196752473,0.6728498739125631,0.4051552895250687,0.3910862649172307,-0.0211668752284038,0.3769098708909553,14.699945207797182,119.64532998635757,0.3361177998219554,23.15238862636452,87.16575800605487,0.2762087732573075,23.184855664767746,84.0624063665152,0.2821392647909239,22.997916881078066,123.3106792507948,0.2721013454844223
19065,IOWA,FAYETTE,2022,209.8,714.5316529413645,0.4450028406849217,0.3050685711208225,-0.1428793182277292,0.5748214558652639,0.4812240156973908,0.3292329365320173,0.8541949468689409,0.7343800740539846,0.4521664476557158,0.1298186151803422,0.279373491003677,0.1761554445765684,15.848999673006425,124.15535737567988,0.3725206521606068,20.93823713807981,102.09638613972412,0.32739959131096,22.93858095790289,121.20951838269518,0.2972216679105293,21.7613318364478,104.97687272635072,0.2949846262178507
19065,IOWA,FAYETTE,2023,205.9,739.9635247060992,0.5120665047837678,0.3882910548420779,0.0012190213600356,0.8494090395028604,0.7207172679726714,0.4357853682995696,0.7530747353684945,0.6057957160955663,0.3295624303256393,0.3373425347190926,-0.0963343041343659,0.3324262131305935,16.35034353354891,78.8245033994754,0.3245795095870231,22.213928031545205,41.41080990244495,0.2051780211306339,22.982416502167485,44.07895008615636,0.1974213100036395,23.508126506428027,25.769099618930703,0.1767148804693433
19065,IOWA,FAYETTE,2024,201.2,763.1757388237564,0.4668204189737459,0.338056221002668,-0.0784317750191034,0.7521371596809303,0.6204519557908221,0.3784988225814716,0.8530225344077687,0.7113803831195683,0.4171846726819987,0.2853167407071844,0.1008853747268383,0.2823957347881541,16.45630152569389,197.59321576185985,0.3796678562727701,21.2360448256674,123.29045282340957,0.3454980185359502,21.73460725681273,179.0961985296033,0.3563097871168277,21.644345728168005,65.46742746937355,0.2869057091143914
19067,IOWA,FLOYD,2019,202.9,599.0180258825759,0.2668148075402549,0.1765540614754224,-0.2339662423270497,0.8160386484173864,0.6758787939523487,0.3511350203495248,0.8627188779964656,0.7164733918663598,0.4134260417132667,0.5492238408771315,0.0466802295790792,0.4993247324769263,13.417580732397266,203.47523413412972,0.3889898326748758,20.154099062999983,94.07994412505391,0.3510285515116632,23.64712021437973,100.45950364747324,0.3023535595196707,20.77017334640578,79.50357678463988,0.2561085981793493
19067,IOWA,FLOYD,2020,187.4,609.5582223531778,0.382325830539115,0.2574297714586173,-0.1793938256000197,0.8704905050829989,0.7294550361091028,0.4134983172120817,0.8384238730071195,0.6787140310286001,0.3865925709151699,0.4881646745438838,-0.0320666320758793,0.4720252646504854,14.05625930525808,109.13577996506967,0.345218296854647,21.620226334774134,163.76787555620976,0.3500112045055195,23.77728139140005,70.11557585301381,0.287861482029269,22.75160772247911,46.97688533312614,0.1874579206354723
19067,IOWA,FLOYD,2021,204.4,581.1757588237347,0.3865727138012642,0.2672678217887006,-0.1686746431953217,0.7880115054078088,0.6579469720682857,0.383038389061935,0.8220478962039249,0.6897610360136666,0.3870601059711063,0.4014387916065446,0.034036390796116,0.390679150279585,15.156246260051065,118.0430037047094,0.3220257354269024,23.71391352931657,108.0414008106288,0.2773527354065661,23.08598723872332,97.17666084860544,0.2931377100754585,22.77723200828406,193.9590398617068,0.2896345791521718
19067,IOWA,FLOYD,2022,204.6,566.7485541178268,0.4586741711087749,0.3143843903975882,-0.1564931701669385,0.8557514015416342,0.7355005833061308,0.4396065352966158,0.8634685712164305,0.7365742940344682,0.4476755197649062,0.3970772304328593,0.0077171696747962,0.4211161929085425,15.76067683613925,91.03665726857398,0.3632545312958563,21.17566582939065,106.47394042581182,0.3324925343394888,23.37502364444746,59.34986999169271,0.2444703579584706,21.872128695319525,131.45013183416182,0.2838754973910731
19067,IOWA,FLOYD,2023,191.8,560.7540670589992,0.5396062466240386,0.4199074852897861,0.0303715622217196,0.8464801135906513,0.7141729164207535,0.4227508874952669,0.7704485142362674,0.6015319444054843,0.2898516653279302,0.3068738669666128,-0.0760315993543839,0.2942654311309674,16.749237070253447,75.32791473361338,0.324456732915912,22.45753687372048,44.725801277589504,0.2179532692390404,22.72106921032614,54.155144229860376,0.2018723213546598,23.08796459190309,55.55975672552266,0.2162907529255197
19067,IOWA,FLOYD,2024,210.1,581.3313070590352,0.4264185039025619,0.3085399202052548,-0.1498012433073407,0.8193241243161001,0.6797896839279401,0.3921813420106593,0.8286256411238248,0.69104458822727,0.4060592746810199,0.3929056204135382,0.0093015168077246,0.3712497637226853,16.536015470250018,220.0409461872221,0.3791391074461184,21.25442561763741,159.3509443234939,0.3609672466611232,21.858838584414038,166.48805673450985,0.3441993027234669,21.631098804712707,67.31661622313504,0.2662760828049201
19069,IOWA,FRANKLIN,2019,202.7,838.4944341180694,0.3802362143432521,0.2703628322600222,-0.1544925029719817,0.855285041297027,0.7237340298540949,0.4142552938086551,0.8750795466011361,0.7366069482757301,0.4463518549176996,0.4750488269537748,0.019794505304109,0.4533711975940726,13.66971743770576,212.72535726609087,0.3911340551164224,20.373338714774327,92.14296898060825,0.3497681468201448,23.858860363745173,109.35399974803428,0.3074839694931702,21.04528233478783,87.43551392437041,0.2647749179309573
19069,IOWA,FRANKLIN,2020,180.1,868.7307494122383,0.3467396902096781,0.2321483753114326,-0.2074828024527654,0.8609374789597518,0.7280898271899342,0.4205095215708853,0.8075948663988816,0.6453819262639338,0.3804927787366557,0.5141977887500737,-0.0533426125608702,0.4959414518785016,14.264351474034484,111.04586883111608,0.3456860611890754,22.109429450272955,110.70328065544356,0.3323695155235128,24.20585799544256,81.98699203175869,0.2735259824157314,23.49721366587524,15.926751368230583,0.1639341870882
19069,IOWA,FRANKLIN,2021,198.9,766.9398458826824,0.4840800893548718,0.3595704782334386,-0.0976110065106582,0.8138743366118819,0.6871888273438546,0.4012403555472094,0.8164041277209438,0.6751781014368121,0.3673935159449075,0.3297942472570101,0.0025297911090619,0.327618349110416,15.248992805756544,126.0026520697216,0.3294632501322111,23.88025415398071,101.37376831339526,0.2719854031262956,23.223967006425934,110.51856614870584,0.2937757303359107,23.05774860796399,161.65403423729708,0.2890169536929626
19069,IOWA,FRANKLIN,2022,220.1,754.7441576473707,0.4839635452788598,0.3394390212805649,-0.1271142249753909,0.8700907848111619,0.7491395955930388,0.4494541476243713,0.8584978535749674,0.7346041723091482,0.452418863721386,0.386127239532302,-0.0115929312361944,0.4097005743124738,15.987556381220942,99.62431737116728,0.3651501631657786,21.477598891307142,108.97986554635204,0.3346035199960261,23.53283449958748,71.7539435011414,0.2470545147348265,22.14781521822936,115.86090692729051,0.2684367212351087
19069,IOWA,FRANKLIN,2023,210.5,758.7533258826767,0.720000306128654,0.58536595572063,0.1954589020177737,0.8625051920483566,0.7366385025807959,0.4573263859320361,0.8144922921780657,0.6648478885699866,0.3690354467885634,0.1425048859197026,-0.0480128998702908,0.1512725468601659,17.068326582547016,88.29775862744866,0.326244258146479,22.757706939035533,31.79381381700946,0.1955665473142945,22.84782361407963,58.56098511936364,0.1986755762639551,23.00848387867368,94.32909922579506,0.2438498583308582
19069,IOWA,FRANKLIN,2024,204.9,776.8494635297544,0.5183706534551915,0.3919160100544376,-0.0665024308015097,0.8087613421648304,0.6743006245879701,0.4188437312769448,0.8377215232609331,0.6873746931317011,0.4034165362617133,0.2903906887096389,0.0289601810961026,0.2823846145335325,16.756686914996045,231.05206791245945,0.3795626463866938,21.676629301798947,140.0427303199024,0.3568262303804933,22.06377531428929,171.50354298689982,0.3455777964406842,21.93537570322457,51.60495884958512,0.2516096938740676
19071,IOWA,FREMONT,2020,194.8,468.51342000004513,0.5049033682372757,0.3631046062178517,-0.0282093154396502,0.8725613667789169,0.7376176238478558,0.4235534102278924,0.8024772728755254,0.6458605026426374,0.3428917120719998,0.3676579985416413,-0.0700840939033915,0.3745130176300041,15.913747739309214,124.17283498880052,0.3315690678795374,24.887784706234275,109.87755802729372,0.3124790321362164,25.419076588308425,219.9513000879518,0.3232862243407814,24.286666788299364,20.79372046628981,0.2332097360795509
19071,IOWA,FREMONT,2021,206.7,470.7551964706201,0.6492449090836717,0.5065242261783401,0.1094791627644849,0.8356705277992281,0.7063867342350489,0.3955127728158067,0.8292650410113541,0.6786080003358669,0.3710820205284353,0.1864256187155564,-0.006405486787874,0.1998625080567088,16.61881602400467,110.16192144035932,0.3516584453734049,25.08712909136108,88.45690661230812,0.2697045901891749,25.49424338957567,75.23957684413543,0.2436751093367639,26.2330779565721,77.02374033241489,0.2091068999591054
19071,IOWA,FREMONT,2022,191.6,460.3525729412167,0.690625756696042,0.534759032673477,0.1515565972628162,0.8634880251570087,0.7314918669987318,0.4133494669495084,0.7946684566899325,0.6494601755299473,0.3588966613809924,0.1728622684609667,-0.0688195684670762,0.1967328343252548,18.167869974276925,161.20331684818845,0.3471761468308843,24.07611079481433,84.86422800061005,0.3100596767161381,25.81014887867473,95.13579547050897,0.2488930600874475,25.657910994734955,67.44937386487679,0.1994882302815443
19071,IOWA,FREMONT,2023,211.0,486.7170952941561,0.7578249904211191,0.6152804249483348,0.2591320756139553,0.8651830201314563,0.7340943892882308,0.435349887330499,0.8345546634945186,0.6874187012323928,0.3886887427987885,0.1073580297103372,-0.0306283566369377,0.118813964339896,19.67707718445497,50.512103940417504,0.2525437233100073,24.91253284872288,48.7251437574599,0.1922825589861526,25.30532954552872,65.2871414185441,0.2089047981407757,24.90524221013445,89.13281306736361,0.2440331518154391
19071,IOWA,FREMONT,2024,231.0,503.1103976471376,0.6482581695920812,0.5070202906210082,0.1439573731305789,0.8636663534581075,0.7360522399148905,0.4387583141006207,0.8092369115356473,0.6587479594956502,0.344800499645051,0.2154081838660263,-0.0544294419224602,0.2290319492938823,18.445892588383405,176.16132190702115,0.3691411462397288,24.6027891088021,106.72183983988712,0.3208299009456972,24.95613735063169,71.6446985753534,0.2545811966460886,24.25804406087949,122.11386044710892,0.2421721061128715
19073,IOWA,GREENE,2019,201.4,718.2976023532198,0.5143206949514744,0.3863588239757335,-0.0483924106848102,0.8642497637533926,0.7295306932800104,0.4301590866509995,0.8678440490683249,0.727057729523427,0.4309883447511923,0.3499290688019182,0.0035942853149323,0.3431718693042769,14.52538989255348,232.2499914998152,0.3939842864750323,21.1393249617248,90.23423844302437,0.3428790716818404,24.83840263595228,62.0229004029206,0.2509581094307942,22.200800900832835,76.2234924268998,0.2378699202991468
19073,IOWA,GREENE,2020,153.8,694.0701388237919,0.4890182453353864,0.3494050802980827,-0.1313471207918239,0.8541105495580398,0.7219071820264549,0.4141867965135056,0.7669527840003593,0.5951910003990336,0.3404120029655232,0.3650923042226534,-0.0871577655576805,0.3725021017283721,14.99818309322381,108.64942574388849,0.3281532089030911,23.46187823698145,104.25973399672706,0.307788623209583,25.026990368365293,68.95142554613477,0.2469627701576763,24.513248539422687,27.14754178402949,0.1760813834522106
19073,IOWA,GREENE,2021,220.5,639.265351764892,0.5875805345120002,0.4504294378445863,-0.0232755285045526,0.8346858472974236,0.7083533968593894,0.424125082138757,0.8291634607462139,0.6947635291718203,0.4006077935036006,0.2471053127854233,-0.0055223865512096,0.257923959014803,15.777291214216286,139.7759390075242,0.338591191451449,24.659937099120533,88.18122338289182,0.2510565985920225,24.03800617799869,117.48947044085192,0.2810716742464623,24.38767534654845,113.66865103076525,0.2525269704535088
19073,IOWA,GREENE,2022,197.3,658.4237929413927,0.5069528009418496,0.3542429737934384,-0.1099087086082191,0.8599539370655073,0.7295116832888127,0.4215089570686434,0.8415156749069937,0.7100348654675404,0.4211071771250688,0.3530011361236577,-0.0184382621585135,0.3752687094953742,16.525205519984148,146.28773311816315,0.3723386941633528,22.373689864353015,107.45925905271156,0.3279970553790451,24.32840200345204,78.42641596470615,0.2554803610468667,23.5476332478247,65.19495347231549,0.2140310668941352
19073,IOWA,GREENE,2023,208.0,648.9293400002007,0.6835663647109502,0.5347727077726622,0.0766413035064941,0.8679531608310732,0.7429473522207831,0.4656428048365879,0.8378099014020925,0.6943054559116225,0.4077774765933876,0.184386796120123,-0.0301432594289806,0.2081746444481209,18.09862394502461,90.50522855759398,0.3171164130784862,23.20731784125797,64.16013149384858,0.2344991028483109,23.604394322757923,37.873884717953295,0.2017565263120257,24.12619728111112,55.84113797305545,0.2043838420435055
19073,IOWA,GREENE,2024,223.1,638.7421305884258,0.529334163467328,0.4044235395828168,-0.0766288078378902,0.8606894571834338,0.7308870217165173,0.4362942431745457,0.8490034658925527,0.7140532913845299,0.4221112940074059,0.3313552937161058,-0.0116859912908811,0.3264634821337004,17.322573470443636,222.21561545354976,0.3773084098013552,22.861032593148312,141.48555326476168,0.3448925746322609,23.024663847833253,119.3480058333983,0.3170421943962461,22.87810164454004,58.85890481934008,0.2185799885754769
19075,IOWA,GRUNDY,2019,209.8,680.4905258826062,0.2342758815356729,0.1516998757134316,-0.2706969469179002,0.8360902355514308,0.703171406391119,0.4054587942289178,0.8814846679823527,0.7465187381043552,0.4340343060545679,0.6018143540157579,0.0453944324309218,0.5514715306776873,14.057393871459883,187.0426881543637,0.3925483213355771,20.587829885356136,89.77832764401872,0.3544323042165975,24.10936302974389,108.54222987261966,0.3076634457018224,21.423878535587196,67.44644273950304,0.2441719134673881
19075,IOWA,GRUNDY,2020,182.7,683.7280976473211,0.4226436984816101,0.293194826870067,-0.1311218385515412,0.8434789317155506,0.7102127215109342,0.3858729501642136,0.8183009243822239,0.6645856285347004,0.3764899780830088,0.4208352332339404,-0.0251780073333266,0.4170178946408672,14.431610833606465,101.61742343077098,0.350559241853583,22.03352766477835,181.81885336641636,0.3511315976628885,23.93352705849054,130.1000866087253,0.3228357423666649,22.93785154601311,17.299628544517716,0.1957392937218723
19075,IOWA,GRUNDY,2021,209.4,615.0377611766645,0.3943710592734656,0.279842964735018,-0.1490474003076498,0.8345858229696772,0.6975688389165817,0.3717030143989523,0.8174377075354424,0.6837454911643402,0.3811542796133493,0.4402147636962116,-0.0171481154342347,0.4177258741815637,15.340477059846371,117.14525041658824,0.3377020099610412,23.737462726830906,101.604872918254,0.2680702444351656,23.451277329863583,94.06166468802309,0.2874260042362845,23.49013404434857,115.58563368536392,0.2600034938595511
19075,IOWA,GRUNDY,2022,207.5,620.7432317648966,0.4675122669921657,0.3255202124218824,-0.1410443871625354,0.8540746344270204,0.7317841424401089,0.431303106234678,0.8651718702276069,0.7477614253781866,0.4433435229888831,0.3865623674348546,0.0110972358005865,0.4062639300182264,16.486708340185427,112.30248448681958,0.3704716402762885,21.71708458755742,104.6954161206028,0.3295719637172561,23.6361315732008,83.01592529121609,0.2545155380013876,22.412218197513845,116.40069582832942,0.2666417596467209
19075,IOWA,GRUNDY,2023,212.9,633.0104152943205,0.5503756650584164,0.4338255735034134,0.0525630263879823,0.8460574792729916,0.7257413461888731,0.4463521508801833,0.7429022284816421,0.5920795265640416,0.2977769912478166,0.2956818142145752,-0.1031552507913494,0.2919157726854596,17.253534163720293,77.74523747369155,0.3212218236766732,22.89811488379725,25.69297272015538,0.1867106713546703,23.182183681427087,56.09961799488606,0.1940511324663729,23.470632280441755,59.57681004555246,0.2103369042215814
19077,IOWA,GUTHRIE,2019,196.7,478.6204694117997,0.5328301750498574,0.3922530946397136,-0.0049337930473625,0.8526077260645127,0.7088304313478699,0.401534829059026,0.8559044809654616,0.706491719049165,0.4158657736676374,0.3197775510146553,0.0032967549009488,0.3165773367081563,14.573068650329306,254.69480790128304,0.3924262957789743,21.14430511282528,103.51470022634749,0.3412510644977807,24.883166093815948,57.35221551527916,0.245799582899709,22.40204274554437,106.06710152326508,0.2570316967340642
19077,IOWA,GUTHRIE,2020,151.3,466.8122011764717,0.4385215538670988,0.3049196176388484,-0.1032149182346614,0.8325042339202525,0.6890563615689544,0.3647054164271505,0.7355894356200136,0.5656625883510521,0.2855691388753875,0.3939826800531537,-0.0969147983002389,0.384136743930106,14.927349612736991,110.92934507345696,0.3279715390745188,23.445667280498,139.00957960257554,0.3248247844399982,24.77792173576657,99.75445836260327,0.2895077251503689,24.250479773404344,20.00208480024059,0.1910042868470518
19077,IOWA,GUTHRIE,2021,220.0,432.2568352941271,0.5414056913263837,0.4037935035318032,-0.0225939016808101,0.8164027334187504,0.6892630910893559,0.4182977597701521,0.8302325237595084,0.6960961306892067,0.4089986434472625,0.2749970420923666,0.013829790340758,0.2854695875575527,15.662980444690293,144.03386035212242,0.3490049079049153,24.52000365088597,60.05962632987212,0.2509559902855122,24.32984751800101,117.30427994757969,0.260227000083,24.664491604881107,101.10514134280814,0.2397900559189653
19077,IOWA,GUTHRIE,2022,193.6,430.9006058823412,0.4835765050300971,0.3336227110572239,-0.075052811283047,0.8459259699826247,0.7106870276066986,0.3976028290629815,0.8074892428872307,0.6658214220047441,0.386941663560617,0.3623494649525275,-0.038436727095394,0.3770643165494746,16.541768106934757,185.46368437312512,0.3775680189832459,22.55041171544999,109.58524939822316,0.3299809850457804,24.344572650027175,85.74707140884274,0.2765343603358681,23.766355295132527,80.3016302608927,0.2304791598596343
19079,IOWA,HAMILTON,2019,198.2,793.4632376474942,0.4185471197109295,0.3044260523638958,-0.1294092718612635,0.8652079480998106,0.727229813107292,0.4141991383639826,0.86494798744963,0.7254497820679787,0.4306831963446452,0.4466608283888811,-0.0002599606501806,0.4228037607433961,14.105884014772569,231.68778301856207,0.3927683275317792,20.779884210428065,83.98841069185312,0.3422282567230011,24.396045255212687,86.05213604756632,0.2729645796244687,21.612665358406307,77.88095400058107,0.249686507046376
19079,IOWA,HAMILTON,2020,166.2,803.0082635298672,0.405608439824952,0.2786983115422936,-0.1972677704815331,0.8601229581103029,0.7295176456584462,0.4209802171587039,0.807252655747938,0.6519553431503997,0.3892619986751938,0.4545145182853509,-0.0528703023623648,0.4508193341161526,14.67775392443416,122.0368721284384,0.3406579458742018,22.806043071822224,95.21830567203142,0.3102198967380057,24.758087844828484,77.74117570846329,0.2618405097037835,24.21417035299828,26.51759365513336,0.1645495521516954
19079,IOWA,HAMILTON,2022,208.6,723.107964706208,0.5067218850175219,0.3538664823530016,-0.1221834274545759,0.8575766894581354,0.7302165555595183,0.4237465942052134,0.8582486457309165,0.7342498581685997,0.4517353564800893,0.3508548044406134,0.0006719562727811,0.3763500732065166,16.313459370539142,122.00004549215036,0.3726522759229891,21.90050868284818,109.11213651205657,0.332028721717083,23.902102368626394,67.14226205173158,0.2431276856621451,22.7953769407971,77.0038061376916,0.2373706285084925
19079,IOWA,HAMILTON,2023,215.5,717.1423164709237,0.7428691048405119,0.6070112834096697,0.2296494015734396,0.8564138175702443,0.7303851923556381,0.4645839464412323,0.8328771353465834,0.6890785261559996,0.4045239018448577,0.1135447127297323,-0.0235366822236609,0.1233739089459684,17.544651839015128,101.10030168387944,0.3227687067538742,23.04104829198668,41.16077590031359,0.2107018197544979,23.169195903685974,61.14737715673561,0.2010760972242913,23.49009720532325,84.47142476840227,0.2258537267031332
19079,IOWA,HAMILTON,2024,212.3,739.4207964709328,0.4850995697871134,0.3676946827588645,-0.1249282245720799,0.8525385934787406,0.7213448024194646,0.4393628625129854,0.8404851907327966,0.7000341399880466,0.4129615303232296,0.3674390236916272,-0.012053402745944,0.3536501196606001,17.0829678968398,221.3484567928741,0.3793756679858758,22.244209452900503,137.6006428475326,0.3564697657000533,22.46343956511645,151.03171550575902,0.3328443229934836,22.34264559907858,58.3058037480717,0.2439912107606192
19081,IOWA,HANCOCK,2019,193.3,808.2180776475263,0.3208676407708832,0.2291673782944767,-0.1524051681012856,0.8720481218278493,0.7319960650839172,0.4265196215801156,0.8644310757335935,0.7163636457646997,0.4395705549031028,0.551180481056966,-0.0076170460942558,0.5028286867894405,13.45205364952706,205.8762335843431,0.3880264024911928,20.29199212865325,116.9908931605914,0.3571239420055994,23.53831298031645,109.31651066485789,0.3254036167546515,20.74485707547985,99.57552002673133,0.281382810825826
19081,IOWA,HANCOCK,2020,200.0,809.4167258827938,0.3438207607146467,0.2295169078566149,-0.248190741685171,0.8729298711282881,0.7393938007908074,0.4457285825285939,0.849886724763851,0.6884980983498593,0.4414037234299991,0.5291091104136414,-0.0230431463644371,0.5098768929341925,14.202341932536523,144.26016672391992,0.3498016541898101,22.270660924357863,107.92906523795224,0.330912539731172,24.222312447890324,59.45832934849479,0.2482914320404199,23.46195782016719,23.715556822845024,0.1678587581048012
19081,IOWA,HANCOCK,2021,209.8,747.8568247062593,0.4910107433150376,0.3628859659994101,-0.1083295309408033,0.8381951527697483,0.709872532726064,0.4485359397660853,0.8251366272091994,0.6868018633669709,0.4011934824570028,0.3471844094547107,-0.0130585255605488,0.3469865667266539,15.128562802364865,133.6979844167038,0.3375593838605391,23.800483798998968,115.3958738744322,0.2850453345217972,23.182877923727805,98.42829409438896,0.2938233275371292,22.893600877371924,181.3234319050236,0.2918649321357502
19081,IOWA,HANCOCK,2022,211.5,686.2733011767269,0.4869604091646423,0.3404692135440779,-0.1313886299702928,0.8698228362512667,0.7432086712218627,0.4415498983836237,0.8615364403614291,0.7324824013760992,0.4541062723590129,0.3828624270866244,-0.0082863958898375,0.4027394576777848,15.753346959884714,87.85276352301149,0.3642657733788756,21.56121497688226,86.89144050953924,0.3249823019224004,23.811559251544825,57.49492310733429,0.2277630596947114,22.21258383919346,118.09249412805922,0.2622061958069824
19081,IOWA,HANCOCK,2023,204.9,740.4601905886002,0.730533552406366,0.5869058983697804,0.2064204748565483,0.8676197586751659,0.7367749217641867,0.4615023184007963,0.8135727992654989,0.6574446692963084,0.3770155355011299,0.1370862062687999,-0.054046959409667,0.1498690233944063,17.17603185686321,84.00986078523913,0.3250580716779416,22.64523029309156,53.54289601127964,0.2333057417217032,22.447056695379946,58.906975598111,0.2159482036420845,22.899160115073038,96.2674759348392,0.256034000250618
19081,IOWA,HANCOCK,2024,203.1,726.9580694120888,0.4182112991048478,0.3053470825038417,-0.1855389214448806,0.8122083198376007,0.6708998655590196,0.3979470536277592,0.8324908463208041,0.6834131198174288,0.3974379719343734,0.3939970207327528,0.0202825264832033,0.3655527830551778,16.567675083365906,210.6208169854277,0.3773317900999252,21.376672386751203,208.61164309429296,0.3712852953574802,22.088229612808693,145.8902364862961,0.3446658304168794,21.719651774590144,59.35043864436164,0.2678661867459103
19083,IOWA,HARDIN,2019,200.2,793.3591764709714,0.3346100726212772,0.2314775004830285,-0.2076006998475452,0.857129240772597,0.7200646726342298,0.4129762398122102,0.876702113000553,0.737454904199547,0.4377629630010838,0.5225191681513197,0.019572872227956,0.4885871721512013,14.019665998962347,193.28451519134197,0.3918074435928266,20.6384811748256,87.63262876005157,0.3489552889337627,24.221321348499668,95.50114596449784,0.2875877799376538,21.513745573864657,70.2799717381018,0.2456282861714055
19083,IOWA,HARDIN,2020,155.7,779.029351765063,0.4442091862004013,0.3134979788535766,-0.1104725755558795,0.8647367281756048,0.7340651666229845,0.4176760012204485,0.7991446871350563,0.6475209872084324,0.3838425237389534,0.4205275419752034,-0.0655920410405485,0.4205671877694079,14.517220761659386,109.24778836093364,0.3450452426940482,22.34659450717759,120.1011245258797,0.3318731651231287,24.267838343812443,107.6637134224726,0.2966998479332367,23.6014410125784,18.433663515498456,0.172864060695324
19083,IOWA,HARDIN,2021,193.2,711.320142353211,0.5084690882631441,0.3805430476660907,-0.0683608382514845,0.8455404742833258,0.7143716371886293,0.4033420493429671,0.802577028009324,0.6532171770042049,0.3517131973049555,0.3370713860201817,-0.0429634462740018,0.3338285895225385,15.359259339134985,125.36492874212163,0.3376025818213213,23.88678695096105,92.15169740094244,0.2652956474967313,23.44770557567153,112.6748369413537,0.2866859318925224,23.531607685300678,127.21690826611096,0.2691837202752141
19083,IOWA,HARDIN,2022,215.6,687.8202035296542,0.4906698544811676,0.3418235495436946,-0.1138625862904585,0.8613516366973454,0.7347960717774014,0.4369535302132497,0.8667512551425677,0.7458476350116151,0.4536902536767757,0.3706817822161777,0.0053996184452222,0.3929725222337067,16.35317586791706,108.5570924482574,0.3697570395173977,21.773993382240004,113.03689303509832,0.3311084834741649,23.709111528896912,86.89714743583082,0.2543072881016021,22.51288540966598,102.60014945617728,0.2596935861696591
19083,IOWA,HARDIN,2023,213.3,709.4886035296759,0.6744049395388549,0.5439895751269372,0.1743196417610076,0.8535079334962995,0.7306311376404273,0.4632924916402501,0.7876698610117304,0.6439829226701252,0.3654776206266354,0.1791029939574445,-0.065838072484569,0.18664156251349,17.358896772638744,87.46347959451296,0.3223822719167792,23.01446345648461,28.055870688160105,0.1889765698803936,23.150810308393343,67.87494757810977,0.1975889152265502,23.423853302822742,71.99680647575089,0.2189326860911337
19085,IOWA,HARRISON,2020,180.2,760.2311611766609,0.4037532337843924,0.2788539133345279,-0.0792161934674184,0.8784232091649133,0.7487681699648226,0.4383624185808966,0.7686786088764952,0.613346521995713,0.3050845314127448,0.4746699753805209,-0.1097446002884181,0.4699142566302947,15.035357485355558,86.78064148558441,0.3200235819130078,24.224053510812173,147.0687093415041,0.3225766400203173,25.32323409377556,102.78599423104905,0.2780395730841397,24.33967744430617,28.90865649225845,0.2044526703923501
19085,IOWA,HARRISON,2022,172.4,703.4320694118798,0.5883337575016895,0.4453086632961596,0.0910132070087985,0.8633762674639023,0.7364148717059634,0.4221506691125489,0.7542047133000688,0.6147210715719241,0.3350381510835971,0.2750425099622128,-0.1091715541638335,0.2911062084098038,16.88191208723755,177.81919021099253,0.3721180570658301,23.01949341416997,119.6331102886334,0.3190995541346927,24.89885515980258,76.13488662769656,0.2408191743418177,24.526980725407043,49.68060219341445,0.1961450476118173
19085,IOWA,HARRISON,2023,190.3,697.9428352942112,0.6129711751733165,0.4773785919144154,0.1128647751765052,0.8374091883153831,0.70662628330561,0.3954116539190592,0.8275627803795348,0.6877145308008539,0.3737444936551747,0.2244380131420666,-0.0098464079358483,0.2292476913911945,19.00954256351163,64.48116177479054,0.2766418678513077,24.198331256485844,43.22297735383911,0.1984415046544129,24.137445327184157,84.72238306201896,0.2312993809682232,24.3020731206546,82.81484644329115,0.2409951265956901
19087,IOWA,HENRY,2019,164.5,310.3468235294509,0.3342930398507888,0.2277106426410423,-0.184474132315965,0.7703604147779981,0.6283231294364539,0.2904524953373242,0.8168883965182655,0.671086900485596,0.3554224875324401,0.4360673749272093,0.0465279817402674,0.4006124867954115,16.01519085159742,227.67436294848724,0.3961954156272131,21.735874195900497,153.9360473866499,0.3439672635695544,25.920417991075848,39.69448829913643,0.2379652631867926,23.79757077400252,63.79208950741816,0.2093696377258645
19087,IOWA,HENRY,2020,172.0,324.8759011765202,0.5234733021592363,0.373720991868498,-0.0510913359520853,0.8543270307228233,0.7194656838242007,0.4139316896012363,0.8120809863692767,0.6686346893161602,0.3694015492654574,0.3308537285635871,-0.0422460443535466,0.3457446919557027,15.471674826964884,174.97464751843827,0.3641350818972805,22.791911292199664,115.62301649863385,0.3273664605569482,25.16008439422937,96.28130651548678,0.3040480647115522,23.97898826280328,28.94797039725329,0.2060422660235315
19087,IOWA,HENRY,2021,167.7,301.10462117650013,0.3910062650170366,0.2696863609561943,-0.1305058625655927,0.7465995717930223,0.6013251814166506,0.2966955047182322,0.7853670495335953,0.626870891113085,0.3491050601699801,0.3555933067759856,0.0387674777405729,0.3316388204604562,16.025271077437417,185.07292101952285,0.3642987701658936,23.874857512931428,150.42019759408333,0.2957778771100677,23.874647774713097,132.28705048235008,0.3347310396587424,24.54902409034904,88.86233204328445,0.2888213878448602
19087,IOWA,HENRY,2022,167.7,309.2145388235655,0.5779869833998595,0.4326808800311864,-0.0174373354527318,0.8634355727310937,0.7341761204443054,0.4046927698184887,0.8524827754529842,0.7210571972482182,0.414429698341149,0.2854485893312342,-0.0109527972781094,0.301495240413119,18.227787521114085,103.53201646622904,0.3473432304547141,23.54490596143146,94.58519063981586,0.3041629487574614,25.618440380157026,41.84943719011357,0.198989157756661,24.390278036525736,57.94914626415219,0.2082662506351643
19087,IOWA,HENRY,2023,195.1,298.5254188235545,0.5705312738846878,0.4438599461548535,0.056791783797731,0.8414753693800237,0.7144261306771418,0.4054993948786438,0.8002552417495998,0.6573101076207769,0.3576601310576491,0.2709440954953358,-0.0412201276304238,0.2705661845222882,18.63975068985556,48.91795880264908,0.2790280326746773,24.136978427884785,24.09071683988396,0.1701429514481407,24.491650998311457,108.00882993669346,0.2450163972776934,23.968579869071373,107.67941228132936,0.2554165125690174
19087,IOWA,HENRY,2024,213.7,314.2572600000359,0.5016509452530842,0.3732171130432308,-0.0522010105851717,0.8033514973297339,0.6742720889822067,0.3995894095767117,0.8338145818304274,0.686266696284077,0.3980140960950026,0.3017005520766497,0.0304630845006935,0.3010549759389759,18.65646075497859,125.72449231217668,0.3720533960516044,23.698245103975538,127.27028043006266,0.324358615205421,23.608855909177205,158.71521562895722,0.3280939034176599,23.350204126259328,91.95976597831144,0.2717871408395045
19089,IOWA,HOWARD,2019,194.2,566.1605823531908,,,,0.7535363525275348,0.6035572442290412,0.2822951186356845,0.8582547239417244,0.7053954805804277,0.4033853680681155,,0.1047183714141896,,12.833074801553511,197.9029184092442,0.3854708904856683,19.64663354158633,105.11579094818144,0.3551853817793439,23.13502384486365,150.4294429508735,0.3388506463225654,20.15526224028933,62.13351736379887,0.2795545608666024
19089,IOWA,HOWARD,2020,188.6,586.8609529414637,0.4171001684660403,0.2897957574316295,-0.1339862677253325,0.8723310755026977,0.7269040219070911,0.4184242240755191,0.8206811267526586,0.667029318490198,0.3836514428422849,0.4552309070366573,-0.0516499487500391,0.4371082644754616,13.5314835773747,103.29816093030398,0.3462861873135649,21.089251179030807,181.57508786178047,0.3532624823057918,23.47833846191357,54.604538113612456,0.2865664041146841,22.304415304977145,66.25865603256824,0.1998693930346012
19089,IOWA,HOWARD,2021,207.3,523.5113752943064,0.3749553978200385,0.256796327289421,-0.1645186537087192,0.8359949633760592,0.6995467210967479,0.3759964919847826,0.8235160361133679,0.6919328408911565,0.4168584529342558,0.4610395655560206,-0.0124789272626912,0.4427503938073269,14.58787841808476,111.96271801030528,0.32557321673351,23.25154410295781,118.16764404418336,0.2827337674684323,22.78225293691771,89.04684031680021,0.2960767063714864,22.337644555182333,182.83808804522997,0.2960324031583037
19089,IOWA,HOWARD,2022,217.2,552.0897705884711,0.430799977746016,0.2876234609921367,-0.1688113374050072,0.6120441457665671,0.5092056326699229,0.3261652550360852,0.8705733908482417,0.7453742723100274,0.4548342797521619,0.181244168020551,0.2585292450816746,0.2215821716777861,15.19400387048296,122.05468268319116,0.3729779916950798,20.474887915367507,98.80008780686912,0.3341824267715677,22.69433299531277,69.01727853283282,0.262115350827682,21.335890137615923,142.5775508439955,0.3015164461809185
19089,IOWA,HOWARD,2023,183.9,534.3154729413774,0.5144406270575044,0.3933657845191213,-0.0027103202034448,0.8428677168456695,0.7126110355481752,0.4391075461321992,0.7745479517808477,0.6145508049252644,0.308915788449421,0.3284270897881651,-0.0683197650648218,0.3192452510290538,16.126409725591145,81.43178741835004,0.3290822930349579,21.72925927940606,64.6411941350627,0.2390267447950809,22.195611747900912,56.84434798122429,0.2167964833857713,22.91315811537397,33.24851686228788,0.1932641880971813
19089,IOWA,HOWARD,2024,212.5,547.2371717649307,0.3749256610352259,0.2614493920128924,-0.1923203373186843,0.7281321824968745,0.602158757162378,0.3600884599936461,0.8474156987798924,0.7070172592422586,0.4226796828130987,0.3532065214616486,0.1192835162830179,0.3407093651494855,16.00260520608997,194.8422939829846,0.3769747511209127,20.67317063633111,178.72895104435327,0.354577166210071,21.4972148767215,143.92238268149342,0.3411267815691627,21.200912019227747,86.27921710156396,0.2817820522732804
19091,IOWA,HUMBOLDT,2019,198.7,555.7434352943355,0.4033042015217096,0.2955558856804063,-0.1129605979963489,0.8625527847256386,0.7234178095220958,0.4102069695882401,0.8635577951305633,0.7144328552248003,0.4277998978047863,0.4592485832039289,0.0010050104049247,0.4278619238416894,13.82153750075396,221.65734764066968,0.3918846869584227,20.61872899603652,123.99908548138802,0.3535676415973038,23.972605852225108,77.59268750363631,0.2942162859230035,21.282690062060965,94.88166645225613,0.2562964557948883
19091,IOWA,HUMBOLDT,2020,188.4,581.6302411767177,0.3694632724466999,0.2504321318494057,-0.2365917775975028,0.8695986852941454,0.736880322809166,0.4272394442056619,0.8253430604009716,0.6613930717014803,0.4000747990649615,0.5001354128474456,-0.0442556248931738,0.4864481909597603,14.540125902260865,132.67396822347,0.3461928312601766,22.967898277645418,102.11582454663548,0.3072135790662129,24.78878921467369,55.79925088454833,0.2436088193276773,24.053009591796783,36.542567704358,0.162137479662972
19091,IOWA,HUMBOLDT,2021,205.4,519.0551329413395,0.5199605836453456,0.391989127923982,-0.0907411605360892,0.8318240339939953,0.699296842418231,0.4114227041092462,0.8115836072673276,0.670497187704914,0.3634635757363161,0.3118634503486497,-0.0202404267266677,0.307307714494249,15.380139942394988,135.80768532017876,0.3403085916616988,24.21488753113549,123.36008545000924,0.261211569900639,23.41772468183149,115.11840571885044,0.2964991065048554,23.3316934115748,150.0749833624519,0.2864785213439301
19091,IOWA,HUMBOLDT,2022,195.5,519.8621647060514,0.5385943305508331,0.3874900348703838,-0.094177476827798,0.8322817114624647,0.7018981887329395,0.3910550485625801,0.8499679166078483,0.7111074172450588,0.409085707551283,0.2936873809116316,0.0176862051453836,0.3144081538625557,16.013232370174865,108.24170756154896,0.3742592011848931,21.86732257540285,89.52894144154224,0.3219467190375064,24.092687835366327,53.96944742953523,0.2197997166433156,22.76270013378489,91.03043304753804,0.2327588718889235
19091,IOWA,HUMBOLDT,2023,205.8,511.7792858825036,0.7181086910169587,0.5786225818023621,0.1665876021049354,0.8272770766953105,0.6995408607848804,0.4130951894515961,0.8034884813008573,0.6499894977809121,0.350636970096811,0.1091683856783517,-0.0237885953944532,0.1209182789825182,17.564698906928736,86.76953561999446,0.3245499807025485,22.76006499059016,60.54346010788205,0.2463076041575469,22.726801128387542,60.96487662898087,0.2169442999899537,23.36664121116604,87.77046014172815,0.2353398131260059
19091,IOWA,HUMBOLDT,2024,205.7,490.70059411777976,0.4858977406633217,0.357076957670604,-0.1295290450088426,0.8154190699908552,0.6698433660264164,0.3763272922537297,0.8161637599151801,0.6582087564199599,0.3558703961746174,0.3295213293275335,0.0007446899243248,0.3127664083558123,16.814815955048907,199.12124082644243,0.3745796213149081,21.89254046035932,182.5162477147758,0.3613794233219508,22.44941677443081,134.89476108115585,0.3292992515373119,22.14540300962325,56.17582927210989,0.2440509433769169
19093,IOWA,IDA,2020,188.2,521.5360094119827,0.3507531832720302,0.2360623074245134,-0.1471997212560246,0.8807758877872803,0.7514478463652433,0.4383213478414487,0.793381602583439,0.6427175925464224,0.3401806585388727,0.5300227045152501,-0.0873942852038413,0.5153855389407298,14.365292204469856,97.32208100394516,0.2758708950123691,23.6223593245224,111.50358461972976,0.2445271008265443,25.258091946477613,43.98523710733189,0.1597962847606525,24.111475395311874,34.619312336251504,0.1327770709119041
19093,IOWA,IDA,2021,226.8,506.471537647246,0.5516408933218421,0.4186857518385918,0.0110987818110992,0.8315319117037056,0.7057645500834936,0.4124136773245413,0.8179672765784636,0.6917194916939746,0.3906340609498444,0.2798910183818635,-0.0135646351252419,0.2870787982449018,15.30101226746718,118.30668396867333,0.2805110648517004,24.262377988357866,92.77220665991231,0.2020707707421961,23.917818960332458,93.47234697908485,0.2025723357841771,24.109195627941407,125.54986992276866,0.187211569131076
19093,IOWA,IDA,2022,221.2,495.672296470769,0.5125051038331143,0.3723118670178233,-0.0309886487380107,0.8614659472439048,0.730797425618022,0.4004316118219011,0.85290236119276,0.7179576338058485,0.4085855332712177,0.3489608434107905,-0.0085635860511448,0.3584855586001986,16.053465687868986,121.38578498227857,0.3029278457370291,22.082972633366204,117.28488172583886,0.2662090250321118,24.53410738583896,37.14429304154873,0.1529110374001184,23.457195119173367,65.66024432634732,0.1636454217024612
19093,IOWA,IDA,2023,198.0,515.1461894119636,0.6220978994045283,0.4848067183799501,0.1322067813460576,0.8201170432058599,0.6909064319867569,0.402748823534042,0.8464000472153871,0.7081750407274223,0.3994906174484501,0.1980191438013315,0.0262830040095272,0.2060997136068068,18.066964196061637,67.77682061891167,0.2420283850291926,23.05802046926227,80.46739942916035,0.1907134026132417,23.05448140448547,68.80891442073778,0.1712662701690248,23.743385953070085,70.08712271407181,0.1677947346253818
19093,IOWA,IDA,2024,221.5,504.24171529431214,0.6577344381876583,0.5054045403088374,0.1532395823013812,0.7980363715923696,0.6851420106061985,0.4232367263141652,0.8614502561270946,0.7371081574353224,0.4297643052835492,0.1403019334047113,0.0634138845347249,0.1797374702973611,16.60042827899769,219.3051870411819,0.3183163340250017,22.168055046711142,190.14141449186965,0.3012570945611866,22.77970247600855,95.0830380898106,0.2419090719043624,22.36714368715627,74.68796711662051,0.1772898776579944
19095,IOWA,IOWA,2019,190.6,486.3447141176967,0.322881712718671,0.2132311487209698,-0.1557276429932002,0.8278525452692845,0.6815597456786836,0.3665150907313814,0.8515520501451778,0.7031959041201992,0.405461012265692,0.5049708325506135,0.0236995048758932,0.4683285969577138,14.95308042383471,196.61937194662505,0.3934453348025178,21.064451946631603,124.9967210320242,0.3507164086286716,25.003324433427547,55.84974960421373,0.26310639101437,22.51055645879121,69.90483979014132,0.234607529794508
19095,IOWA,IOWA,2020,151.1,539.8172082353597,0.4181362367186853,0.2843559505772711,-0.1024334103498047,0.8538605361717615,0.7201335934362918,0.4239904889692711,0.767122363937696,0.604607040467078,0.3386863143458193,0.4357242994530762,-0.0867381722340655,0.4357776428590207,14.887328154788529,150.87704053467536,0.3619433937309814,22.30329928984873,171.57287452462728,0.3532173121772763,24.48606216551852,113.17272172791074,0.3316439590705917,23.15282694306888,23.164577276586083,0.2148629571792651
19095,IOWA,IOWA,2022,205.9,496.25700352944193,0.5633432238063717,0.41813907142109,0.0090897327163724,0.8658474248490945,0.7396590171902604,0.4523664286847882,0.8164045078555503,0.6950689087864923,0.4220088077141272,0.3025042010427228,-0.0494429169935441,0.3215199457691703,17.376513072428217,113.42677531771892,0.3638223733157109,22.611575110527248,92.62976346109434,0.3081861445149707,24.64687861614732,57.813297317345445,0.2262206925163231,23.67937272272185,64.20362971317012,0.2138674931695741
19095,IOWA,IOWA,2023,213.5,483.0266858823784,0.5648062620193686,0.4415562641016669,0.0719805862714293,0.8682878807775856,0.7408722084633661,0.4597877207197843,0.7966651683584879,0.6494372251360723,0.3584806802088753,0.303481618758217,-0.0716227124190976,0.2993159443616991,17.7245727758712,66.13716250440119,0.3030714981404888,23.267948922031017,26.20535936875187,0.1796904015687189,24.067126367354124,62.89912742843116,0.2052159350184136,23.99810064554875,58.744440826693534,0.205073064538147
19095,IOWA,IOWA,2024,219.2,512.8232470588674,0.6462089492397958,0.5018405580546716,0.1357930108318542,0.7938337475289868,0.6652903850991401,0.4031904610905651,0.8508034232645421,0.7192733501318247,0.432062036779823,0.147624798289191,0.0569696757355552,0.1634498270444684,17.840235682577255,206.49222027731824,0.3818216766888987,22.75477184438975,147.3151810593933,0.3376417478535483,22.726354476101683,136.80635479306244,0.3409111418229407,22.577261123968093,94.57514555854186,0.2865702569307962
19097,IOWA,JACKSON,2019,185.5,444.6170364705607,0.3315215446679078,0.2172349209150542,-0.084545614101622,0.7824455374958111,0.6343845358568542,0.3123104152322717,0.8584304576373193,0.7111312549721793,0.4131083330239051,0.4509239928279033,0.0759849201415081,0.4171496149417999,14.417828129385756,142.29577213277057,0.3870171126392957,20.52166101093409,94.12989222592743,0.3533178884824961,25.02333358071467,67.15845400885692,0.2887527949708449,21.99672367971203,100.60434010602408,0.2777658050190729
19097,IOWA,JACKSON,2020,185.6,463.9482705882189,0.3566105842139903,0.2254914572704112,-0.0933428120717886,0.7879762397083075,0.6537350230890142,0.3746253711493322,0.8254022014072004,0.6732253297763972,0.3742486634428049,0.4313656554943172,0.0374259616988928,0.4282435658186029,14.382755689070676,146.71212871339804,0.3619830031805527,21.798125889177683,111.1196874520828,0.3399968037890677,24.591943031114173,99.42621225982634,0.3161515716292791,22.9562966225844,58.26281000799901,0.2445598454574448
19097,IOWA,JACKSON,2021,191.2,436.4199247058447,0.4468744076980074,0.3147870729105334,0.0094004766826752,0.8207081291519317,0.676959213305002,0.3643633562039328,0.8340487087388727,0.6979205681399213,0.4010278597893663,0.3738337214539243,0.013340579586941,0.3621721403944685,15.0016049832166,99.0472601257864,0.3435890843621285,23.30052503376812,110.75000934319932,0.2793303840988305,23.60797430029103,53.98517981315868,0.2825431629593908,23.975192570931352,71.11114197057262,0.2450446727905583
19097,IOWA,JACKSON,2022,219.2,403.47510352936126,0.4535392791030831,0.31448517749729,-0.0448377733577966,0.8403295438007716,0.710089819440782,0.4106790872536719,0.8639394663897686,0.7358998150216318,0.4427216369442917,0.3867902646976885,0.0236099225889969,0.395604641943492,16.86770294093355,121.71337661814978,0.3604119706150391,21.452859510393985,109.56018944217284,0.3359067653364155,23.64919133858831,64.23105289879065,0.2699858425892076,22.85532652828257,64.7602444401633,0.2479335433284197
19097,IOWA,JACKSON,2023,189.6,426.1353176470184,0.4520264082017173,0.3364588300280421,0.0148457118612126,0.8111721048822598,0.679917056643742,0.3889701329632404,0.8629486855351375,0.7274432134479826,0.4073877991442857,0.3591456966805424,0.0517765806528777,0.3434582266156998,16.556666889694128,93.36425637319478,0.3230283268335095,22.4343762044683,30.226036946488986,0.1939193370425727,23.63827227523428,77.39582097750551,0.2325106501503916,23.524231289215496,46.18203398066144,0.2143052517574739
19097,IOWA,JACKSON,2024,227.5,492.6203011764677,0.5977112733977447,0.4391785822927899,0.1067028489814378,0.8543690872498548,0.707414392234332,0.429659268926419,0.8102134033437861,0.6656454683256795,0.3866068938366477,0.2566578138521102,-0.0441556839060687,0.2682358099415421,17.241246672869014,148.2076896310297,0.380538357383929,22.05833289788438,133.12940421600962,0.3465787305194482,22.27098001752103,174.03404744501296,0.3722493613318335,22.32996870265657,91.56693510091849,0.3196536965107232
19099,IOWA,JASPER,2019,209.3,754.605427058977,0.3038670830444053,0.1906326868610012,-0.2009473100661422,0.8546064436046119,0.7165647276736521,0.418955418978117,0.8691774181396219,0.7297179843355951,0.435730993758934,0.5507393605602067,0.0145709745350099,0.5259320408126509,14.967164857017316,210.69042376702285,0.3881280582451872,21.253883902262626,89.47579412625757,0.3423087640445278,25.045567045333875,76.2059462729911,0.2604773113758354,22.515641215887943,81.85825141247692,0.2512516987375415
19099,IOWA,JASPER,2021,221.7,670.5863047059405,0.4436171573533975,0.3172879090523122,-0.0803899087400339,0.8541194395414068,0.7229594562478455,0.3965143307536755,0.837559927723206,0.709885359516346,0.4034065189695018,0.4105022821880092,-0.0165595118182008,0.4056715471955333,15.84372911674549,145.00628536840782,0.3457741639511922,23.960285433417905,85.50101748930685,0.271073812526274,23.94673952427902,111.15942937474442,0.2933835140870701,24.597684957758368,66.55185626320731,0.2405397193457054
19099,IOWA,JASPER,2022,203.6,691.5994941177394,0.6482555754736329,0.4939337663226099,0.0773106095865586,0.8699267521235099,0.7449111522914569,0.4403387772131309,0.8304391854242211,0.7055782955640234,0.411841988988878,0.221671176649877,-0.0394875666992887,0.2509773859688469,17.304641777056545,126.46908124384224,0.3696539883822715,22.78927055710749,89.56997387677697,0.3123597014557914,24.739294141158023,65.26579309546118,0.237155018713738,23.7917896699226,84.75006149191506,0.2216111942672692
19099,IOWA,JASPER,2023,218.0,672.7102941177075,0.7126928466514992,0.5733490793925274,0.2176185214292694,0.8649036177863384,0.7468418263348477,0.4762325446357844,0.8173682977089878,0.6676593165235726,0.3721096442907339,0.1522107711348391,-0.0475353200773506,0.1734927469423203,18.082046447871157,74.84532610079118,0.3077516015958504,23.35490142241056,34.86928553887194,0.2007254607351358,24.07130081912328,43.99973181319894,0.1959631946859165,24.10855739988621,57.904694037583454,0.2046034476085995
19101,IOWA,JEFFERSON,2019,162.7,286.33775294114366,0.3475934693968359,0.2348491730614333,-0.143893764732924,0.8114610755850216,0.6616788675247701,0.3480333924698029,0.8294746886543958,0.6699298321367749,0.368096656127049,0.4638676061881857,0.0180136130693742,0.4268296944633368,15.837918722947702,218.65190773959588,0.3950212843817013,21.68218610441818,139.7677291800222,0.3359937016141778,25.74631159571636,43.63565588905044,0.2418192106141002,23.6802998288547,53.9673452168183,0.2089182306740023
19101,IOWA,JEFFERSON,2020,167.3,287.5110776470221,0.5104185509196356,0.3537980891063584,-0.0541939858231581,0.8482911191820417,0.6994169853101423,0.3932333580820584,0.8076665496086183,0.6450059373342405,0.3636817283072176,0.3378725682624061,-0.0406245695734234,0.3456188962037839,15.381229972998774,166.82464988322948,0.3619792368944803,22.75629511928176,138.73504077573511,0.3377428693612142,25.012644986847583,93.07900234382792,0.3081644575963399,23.71965581517852,34.22307817748346,0.2144369027682205
19101,IOWA,JEFFERSON,2021,163.3,278.78439529408183,0.4424745543618969,0.311367152308919,-0.0766777312413756,0.750826981893903,0.6086510885730492,0.3271441830880032,0.7919355504057518,0.6404803477067675,0.3550496510629766,0.308352427532006,0.0411085685118488,0.2972839362641301,16.00342631226591,182.33183512330268,0.3604873562597672,23.84113472470213,119.57052426723716,0.292176073099871,23.85055511846964,135.8109106525134,0.3345005289679006,24.522425724841213,86.54161820197159,0.2870907330487762
19101,IOWA,JEFFERSON,2022,178.0,264.194325882316,0.590326235277233,0.4422061298803247,0.0272843914547047,0.8642540207536019,0.7366408759477115,0.4323578425560102,0.8227877609685827,0.6653131257486263,0.3727124107662051,0.2739277854763688,-0.0414662597850191,0.2944347460673868,18.106739187880876,105.58966734552476,0.3456271400663658,23.676113100661336,82.22069228574598,0.2966361926352764,25.73533116391168,41.935013588923226,0.1952803811227865,24.53137880912221,45.689416753583295,0.1951771423314447
19101,IOWA,JEFFERSON,2023,195.1,272.6041164705542,0.5579967655620522,0.4312954942188066,0.0544681763867774,0.842735858070192,0.7115852690735947,0.4131084379507145,0.8004111314209215,0.6501823866058587,0.3640951654210252,0.2847390925081398,-0.0423247266492705,0.280289774854788,18.71818230998931,45.859362959228974,0.2682490265730051,24.114540648254515,24.0764561246146,0.168281492002407,24.554267911801045,84.65982856999048,0.2251805282315209,23.981512019672657,98.13361269527606,0.2500154646175261
19101,IOWA,JEFFERSON,2024,203.7,280.8745588234919,0.5443117535675693,0.4110722466909741,0.0105424728825994,0.8207610254270045,0.6870513543066241,0.4150096105398065,0.8494925344193625,0.7067970420246079,0.420154369280839,0.2764492718594351,0.0287315089923579,0.27597910761565,18.482792753325583,144.30385489978428,0.3766721048769004,23.62915547688804,129.4433548884555,0.3232037535054147,23.495029069693423,159.72898429209494,0.3291002862120983,23.315273709567915,89.14461582435798,0.2647881388126279
19103,IOWA,JOHNSON,2019,181.3,439.6916858823251,0.3309793898715937,0.2207886521392658,-0.1546824423968326,0.7540324153615785,0.614904153481918,0.2804842769913849,0.8408704666465057,0.6928674770516096,0.3913340016105387,0.4230530254899847,0.0868380512849271,0.3941155013426521,15.08977859416399,186.851190254201,0.3932338203359118,21.14677978094628,104.2038767459063,0.346890641415277,25.34928446190185,43.64696647181626,0.2455623573301435,22.81039405973214,79.53988940545536,0.2365175556339924
19103,IOWA,JOHNSON,2020,161.8,454.0756729411689,0.4306771817545547,0.2965770527598535,-0.087412600294581,0.8444259741587856,0.712134179460359,0.4117088390626193,0.7798203765177786,0.6271866026866698,0.3487597718977929,0.4137487924042309,-0.064605597641007,0.4155571267005054,14.916173042783615,136.4274827149524,0.3652260972490651,22.31186790452033,145.5978209828636,0.3460195918120907,24.622825727205356,120.8425041439126,0.3329870551836443,23.267363192944085,28.54825416659733,0.2141212762435387
19103,IOWA,JOHNSON,2022,205.2,422.9713694117365,0.5549278932892538,0.4110486811983637,0.0001097149988452,0.8760025405677238,0.7472330198102077,0.4447203180566877,0.8729189495376983,0.7478434633954429,0.4493056791508045,0.3210746472784699,-0.0030835910300254,0.336184338611844,17.46456151248553,107.22955998318848,0.3590932274747656,22.552961042323137,106.28962605705188,0.3153550352918045,24.559863994974016,60.510050290444674,0.2411906150111782,23.684497076801016,54.33795897981411,0.2101310765867983
19103,IOWA,JOHNSON,2023,203.1,439.6367435293837,0.5452376395614414,0.4217965444848251,0.0477771036164668,0.8473317999100703,0.7199034442400236,0.4319611239695535,0.80234369608719,0.6574897153974579,0.3648773674607504,0.3020941603486289,-0.0449881038228803,0.2981068997551985,17.57606600703543,67.981215366515,0.3036547372698147,23.31344695210349,19.179974185899397,0.1689373809479785,24.32205897995705,57.80771135324864,0.2032670632413744,24.12436266417773,58.13267263001866,0.2069060833162378
19103,IOWA,JOHNSON,2024,223.1,453.4212282352899,0.6141754664987576,0.4770354426963856,0.0969925765645327,0.8213146505511224,0.6859184897383493,0.4106143793831598,0.845424006405074,0.7108969594048508,0.4320580386639735,0.2071391840523647,0.0241093558539515,0.2088830470419637,17.953687729153923,186.4666262753469,0.3810329505466086,22.709506341291878,151.91287004013617,0.3451279562694017,22.770082459270935,158.67664550646177,0.3509465328106098,22.611903121051736,85.63661238503951,0.3012506141912318
19105,IOWA,JONES,2019,203.0,617.7598305883822,0.3186388608756441,0.213934035512327,-0.1649910907243213,0.8021851038431227,0.6632730344030655,0.3316591054456171,0.8610072866522673,0.7221474351168066,0.4219047849386698,0.4835462429674786,0.0588221828091446,0.4493389988907385,14.356057080474342,165.6403892598288,0.3907121192308734,20.517899176791065,94.88805154213574,0.3514028036275442,24.76166172203573,59.95106750772192,0.265962504783322,21.888738059692194,85.93382195805832,0.2524197782601304
19105,IOWA,JONES,2020,171.6,626.4377329413231,0.3967986763474458,0.2705264785898412,-0.1078270583802908,0.8413237206686621,0.7062506934091958,0.4045977481044602,0.8110850931922665,0.6586972834940004,0.3764634816881002,0.4445250443212163,-0.0302386274763956,0.4357242148193546,14.396648408737834,127.59189539041924,0.3576225936382746,21.75528424165909,134.69592757964006,0.340360716039067,24.162575067729563,119.29631511878904,0.3266914951847892,22.718568088914243,41.25306121980336,0.2190261618471202
19105,IOWA,JONES,2022,218.2,579.0036317647929,0.4731563377103597,0.3342649946990273,-0.0767848633047014,0.6949410409595868,0.5833785285804709,0.3754485432200112,0.8874038272891632,0.7645925984577523,0.4649086524934668,0.221784703249227,0.1924627863295764,0.2491135338814435,16.84544156954655,100.1925659143084,0.357940541522807,21.55721943565997,108.82092966847952,0.3255589541323925,23.68170610207557,70.00277653222672,0.253030802627513,22.73910538430528,76.93287891559783,0.2411741607312846
19105,IOWA,JONES,2023,190.7,576.7940505883288,0.505044374222887,0.392129102376115,0.0223176562995339,0.8509174609320546,0.726266874972199,0.4381076926878255,0.7891385354505909,0.6418765227538714,0.3441657970903012,0.3458730867091676,-0.0617789254814636,0.3341377725960839,16.658283995414752,88.25513019431148,0.3203709127214737,22.52645116516512,29.40894485272557,0.1847679466857494,23.56765846673421,63.56828889890968,0.211283114348916,23.658444815057408,44.59925712788949,0.1930632354593371
19105,IOWA,JONES,2024,233.3,602.6053623530591,0.5625050457222325,0.4250974313295408,0.0344032112004319,0.8161900075158925,0.6826919286923756,0.4098237300937878,0.8495160631458535,0.7201233771821494,0.4421611877768341,0.25368496179366,0.0333260556299609,0.2575944973628348,17.25313477263217,138.85557801228,0.3761423178113634,21.99843773969185,135.90355315304606,0.34050914637054,22.072018227039507,194.9375590400272,0.36981078674132,22.049293460460305,96.22802250535088,0.3160805361529569
19107,IOWA,KEOKUK,2019,175.4,487.45209882350855,0.336522103076494,0.2257993485038315,-0.1490952969990382,0.8254890739575864,0.6809304042568647,0.3742020198827658,0.8415490934568529,0.6810067639610601,0.38371136170987,0.4889669708810923,0.0160600194992664,0.4551310557530331,15.466744027092432,213.51204658401383,0.39428477911594,21.42024875831432,138.83998080850432,0.347830949824116,25.346043900835213,51.487222138490246,0.2580579249236274,23.06741756882063,61.33794295131634,0.2216471724488452
19107,IOWA,KEOKUK,2020,163.5,488.5391505882101,0.5504985254701658,0.3968508035184263,-0.0005012505126634,0.8543166559784723,0.7201768546073695,0.4250039319887972,0.7745301979460075,0.6170042824834053,0.3399072793112686,0.3038181305083065,-0.0797864580324647,0.3233260510889432,15.238425713825515,157.17911559001124,0.3590314078523545,22.626077349431192,164.53951134073756,0.3466170227041377,24.79462362452801,89.35684213610344,0.3105736843690252,23.439877866034244,30.52372314796221,0.2106081101840323
19107,IOWA,KEOKUK,2021,176.5,475.8151799999711,0.4374097993381318,0.3054142392883698,-0.0860982288985885,0.8188872327484858,0.6867290240517566,0.4010256943391427,0.7917235502512966,0.6521566193723084,0.3861239691447846,0.381477433410354,-0.0271636824971892,0.3813147847633867,15.910466850600184,163.33710135157364,0.3575892820295403,23.741021584194268,111.87756513121434,0.2852788235511581,23.819896293763517,114.8461863955873,0.3222277015402014,24.469707523553723,78.2531774138631,0.2640492082200513
19107,IOWA,KEOKUK,2022,170.4,446.9461623528925,0.5762340143042745,0.4272801742318563,0.0097333050113901,0.8674650894359539,0.7419836229219128,0.4460633951934439,0.8308960523614891,0.6827741942243503,0.3905616212074712,0.2912310751316794,-0.0365690370744647,0.3147034486900564,17.824342951146313,105.7230386085059,0.355306384198489,23.33701892757096,81.62930878159561,0.2986703646900557,25.4317473831008,39.78021365825783,0.2002880582510715,24.33124033921869,43.689276052271,0.1910152318510539
19107,IOWA,KEOKUK,2023,211.6,460.7916882352628,0.6304360879238475,0.496950519600727,0.1262794061527772,0.8649680821839518,0.7435519079817582,0.4688256273384961,0.8207839985957651,0.6773601983558712,0.3862827634254784,0.2345319942601043,-0.0441840835881867,0.2466013883810311,18.36327985399642,62.37001829829831,0.2917874620941584,23.74747830971765,20.28368093941268,0.1688252013270327,24.406142134153225,67.11432438456902,0.2074459679764657,24.015949529748934,77.46082021019912,0.2248899870229131
19109,IOWA,KOSSUTH,2019,198.7,1284.2250247065426,0.3294807292664444,0.2363791256874653,-0.1057872973965875,0.8672041775286593,0.7259852751464865,0.4109549157836165,0.8618457510047566,0.715949568019822,0.4264730878669038,0.5377234482622149,-0.0053584265239027,0.4896061494590211,13.463317593214867,203.69286356036417,0.3867196971534365,20.365358885408316,144.24346340783,0.3541371936001266,23.42687274733719,105.73856017466652,0.3305950877939937,20.745528278609367,96.6712012276595,0.2798521839118804
19109,IOWA,KOSSUTH,2020,190.7,1261.6640152947532,0.3363399638084483,0.225553582975481,-0.2531512688681859,0.8743322070752594,0.7388281646814543,0.4279299700835525,0.8243936675148403,0.666117012326145,0.393140063729944,0.5379922432668112,-0.049938539560419,0.5132745817059733,14.286254310280436,146.83292917720095,0.3490675376567428,22.64218617342429,92.05036774418406,0.3101543143483487,24.41261391622814,63.37299288144226,0.2435379411269576,23.449836831904683,39.15835743361392,0.179762626124258
19109,IOWA,KOSSUTH,2021,190.7,1206.179798824064,0.5325669003380396,0.4031071650174404,-0.08288332799097,0.8234535230579956,0.6910910138122545,0.4078378390625074,0.7969179541954556,0.6531265284401748,0.361843175279361,0.290886622719956,-0.0265355688625399,0.287983848794814,15.17707995483708,122.861702149464,0.3387405288223951,23.92894740881705,89.49587013686525,0.2682398235811382,23.37187460265721,102.07431363008928,0.2791242724388572,23.09360817062504,157.40864119755,0.277113260735254
19109,IOWA,KOSSUTH,2022,196.8,1189.095631765229,0.5527751806199491,0.4023170260864752,-0.0811503759672558,0.8567508019998227,0.7305643060660588,0.4219559949850917,0.8504086314412076,0.7189680618965595,0.4255069100454834,0.3039756213798735,-0.006342170558615,0.3282472799795836,15.765477257191607,93.93910508312776,0.3669863289389311,21.758497690263464,83.32032897116011,0.3226229907522205,24.12643323215523,50.69996684982058,0.2152518799952433,22.431599755753407,105.62551266681028,0.2518826606776826
19111,IOWA,LEE,2019,172.5,297.3695364705689,0.3410475436606792,0.2291996820008205,-0.1570992864069215,0.7632680515911496,0.6125605955038067,0.2690275492754324,0.8112644897785367,0.660674758100469,0.3566949716882501,0.4222205079304704,0.047996438187387,0.3833609135029862,16.444876318460835,228.9751730798017,0.3918068420059983,22.027459450996137,138.3922927005776,0.332429161576715,26.229695486961816,46.19442860291212,0.2397289268232828,24.113446898593423,74.68755844568483,0.2197970961509024
19111,IOWA,LEE,2020,174.3,312.4323282352563,0.4663371988662603,0.3215920787995903,-0.0693228633564549,0.8302987870638994,0.690940071711556,0.3795546527290663,0.8212265232430049,0.6755984582609713,0.3741173766785129,0.3639615881976391,-0.0090722638208944,0.3693479929119657,15.645100574271796,158.41292388076425,0.3652723390719631,23.050844772868345,92.83268214874336,0.3133482853227169,25.56290037866977,91.66320530504568,0.2865728388041678,24.36064483266396,17.51539551463251,0.2033298066914908
19111,IOWA,LEE,2021,160.4,295.17232941173626,0.4136376115779269,0.285725408810504,-0.0964193066292429,0.7342332861412353,0.5836403546247984,0.2838813160532961,0.8045769700600488,0.6491960512866048,0.3689982992771696,0.3205956745633084,0.0703436839188135,0.2979149458142943,16.06780537127432,199.0147868299616,0.3667424574272066,23.95056829987537,180.32628240171292,0.3040664294710601,24.16948421500268,166.8310518867488,0.3315440129577652,24.73498957553681,107.05889510062867,0.3152673078652506
19111,IOWA,LEE,2022,178.2,281.8037894117304,0.6017950581829326,0.4489732130138698,0.0427521742509621,0.8576587602928966,0.7305979582336106,0.4069452217108704,0.8254949834756921,0.6914469207957404,0.3915693112707997,0.255863702109964,-0.0321637768172045,0.2816247452197408,18.40754517751316,113.58930255139389,0.3490802662635355,23.595402238945432,90.0927827261496,0.3097721687166876,25.530164418884564,61.17182876890959,0.2203551539989985,24.540855846876777,66.61908627864429,0.2263707159880446
19111,IOWA,LEE,2023,203.7,296.7978635293847,0.5962075123056074,0.4669665638480983,0.0934383737394529,0.8202496401212939,0.6878726228709686,0.3898868564252812,0.7828226651771701,0.6352502171650646,0.344358696269118,0.2240421278156864,-0.0374269749441237,0.2209060590228703,18.87431572977757,52.58662492908404,0.2648657316693819,24.28500982801687,25.930186785951804,0.1644932115237171,24.74105604304621,125.54845723077256,0.2717442435283298,24.066696796634865,135.95086423662613,0.2777996546657912
19111,IOWA,LEE,2024,223.3,292.6867094117307,0.5075861337724797,0.3770773209514935,-0.0206431436245327,0.7907725011988382,0.6607288769186636,0.3887412822424593,0.8149329629492749,0.6662100924507087,0.3781593656497322,0.2831863674263585,0.0241604617504366,0.28365155596717,19.01839559863901,94.01451521035776,0.356676672060262,24.19867137511848,112.10976423327374,0.3038720643195983,24.1519882971113,154.5769363113071,0.3140573435173046,23.891083977658653,76.88098780628496,0.2593154862660435
19113,IOWA,LINN,2019,223.7,635.6204717648166,0.3457579423269724,0.2355688680858876,-0.1857386570755706,0.830807398362595,0.6935275584699715,0.3720886596235455,0.857021627564986,0.7172926586510132,0.4239521274776804,0.4850494560356225,0.026214229202391,0.4579586903840839,14.43211569138474,204.6497308786322,0.3927332424907463,20.67330450462161,108.61568337429604,0.3523047915023766,24.707355214971777,61.47818587740837,0.2716821962430911,22.01848747605865,88.7261789961197,0.2481989063798548
19113,IOWA,LINN,2020,164.9,640.8150211765892,0.4244891442585711,0.2927799387026568,-0.1255670707542449,0.8379212366801038,0.7034310550728551,0.4103219613468386,0.7824868460130427,0.6256653239397879,0.3618273952677587,0.4134320924215326,-0.055434390667061,0.4106511163701982,14.527600508799242,128.90901582752596,0.3561838973134176,21.950336312351983,161.14565676561347,0.344564703069918,24.18937894095088,125.28326630144824,0.3329528909596184,22.825619172189704,33.2877485387104,0.2176293690088356
19113,IOWA,LINN,2022,215.0,573.4559188235911,0.4991640850776371,0.3632459424913455,-0.0787620018677486,0.7717368292234164,0.6526872678056891,0.3935034344488034,0.877852593000813,0.7515025952732166,0.4570663327316888,0.2725727441457792,0.1061157637773966,0.2894413253143436,16.929645941704504,102.92334261454452,0.3595576207693678,21.851453725364564,100.70411097897114,0.3155366740797953,23.9218834574331,69.63833301927843,0.246881365657034,22.919972307512687,77.33003874282483,0.2362623161534603
19113,IOWA,LINN,2023,179.5,590.5741129412484,0.5672908868910886,0.4427214413655548,0.0459535897524465,0.827625572394503,0.701036982274031,0.4202827838379463,0.7340884561500141,0.5789254379372092,0.2922028917034708,0.2603346855034143,-0.0935371162444889,0.2583155409084762,17.02126088874932,75.61908410270945,0.3115865079837082,22.87575077763962,28.58766510730128,0.1815456386972488,23.739874103510644,58.105834155829925,0.205187900600519,24.00179055503667,39.351535338030494,0.1892753840516192
19113,IOWA,LINN,2024,230.1,578.7273776471262,0.60881106073873,0.4667419050686879,0.0600656616615215,0.7688642602968938,0.6436186292499328,0.3865430887680566,0.8444868255963128,0.7110877817225778,0.4306840199307136,0.1600531995581637,0.075622565299419,0.1768767241812449,17.427706484805345,151.00815862847497,0.3755259816436236,22.192183011045863,133.46028153438908,0.3393126334659566,22.255736429294608,173.6081743113839,0.359048602080562,22.19477076344991,75.8578419324616,0.2972301275440014
19115,IOWA,LOUISA,2019,174.6,315.20257058821767,0.346890813189151,0.2324759127960057,-0.1630443220861037,0.7289786840743346,0.5955662220337379,0.2671706345844402,0.8135208245610325,0.6637474450807199,0.3499719685076755,0.3820878708851836,0.0845421404866978,0.3630903092377321,15.84758835160364,220.45189436202537,0.3958404967896435,21.64176067008631,134.82115615496593,0.3456709091656201,25.92733481533825,29.010037949312103,0.2266955160602723,23.59077388294492,67.60366566914219,0.2106909975898851
19115,IOWA,LOUISA,2020,181.6,328.86566823527534,0.5023401961181101,0.3593351388941702,-0.057899763595078,0.8535540404700261,0.7223233942588675,0.4317945426213383,0.8271298309625259,0.6838788477908374,0.3832564642074774,0.351213844351916,-0.0264242095075002,0.3629882553646973,15.350499847177112,177.3305889110595,0.363840449781343,22.69104445265581,119.1420816807959,0.3267959602315863,25.07863255162396,122.07466922675285,0.3234608984312253,23.73455305833938,25.31258473242048,0.2125274902095424
19115,IOWA,LOUISA,2021,189.5,320.7157199999788,0.4110919115250525,0.2837894794590368,-0.0711659333001998,0.7847746844863641,0.6483245194644649,0.357331698812858,0.8162818779128768,0.6751327894353459,0.3811965390390758,0.3736827729613116,0.0315071934265126,0.3645350400054281,15.905360111612415,162.1059008512547,0.3590152669458741,23.75769763327936,149.14121710689815,0.2955490955289778,23.868398819923154,110.4082774478214,0.3264497515560062,24.588912876731158,73.97017993087051,0.2587203717585117
19115,IOWA,LOUISA,2022,196.3,311.8548529411537,0.6145273758064239,0.4656531500403043,0.0364748892226383,0.8831951495028985,0.7595247817533937,0.4472807457605801,0.8616446948810894,0.7361912279981838,0.4344380420841329,0.2686677736964745,-0.021550454621809,0.2938716317130893,18.04467862291901,102.98052997313202,0.349817549492931,23.20701808494134,94.11434865563886,0.3047961954454759,25.307180399120096,39.80235009687613,0.2059236428516613,24.278864091664207,53.60120918496527,0.2008055511168081
19115,IOWA,LOUISA,2024,214.5,320.0351188235076,0.4993779358866581,0.371112291177657,-0.0365118006037692,0.8088101025693887,0.6788442784157933,0.4100444872648934,0.8185074930314268,0.6681857452952078,0.3823436150864727,0.3094321666827306,0.0096973904620381,0.3077319872381363,18.51810493225349,152.7940021935407,0.3752432994667925,23.437625987193275,124.47781067690234,0.3262973032627735,23.47359001084285,147.98554140765765,0.3315562032399154,23.196162154140357,76.23846449142549,0.2765378005211522
19117,IOWA,LUCAS,2020,149.2,119.22405176469306,0.5824753161873719,0.4207737580288532,-0.0025950431032613,0.8233855607668208,0.6722600325692081,0.3137405537024451,0.794880159386362,0.6249435641720826,0.3179696335831973,0.2409102445794488,-0.0285054013804587,0.2514862745403549,15.22301454198304,142.62966764768996,0.3502732340002465,23.16944333263316,151.76087767145108,0.3363214072882545,25.02437353846492,99.4554774213954,0.3001953519636772,23.914491628280267,17.853718523542845,0.2123389260836066
19117,IOWA,LUCAS,2021,166.1,124.653571764693,0.3891742941660562,0.2612007392371411,-0.1431502346455066,0.7770330070949293,0.6279784868483267,0.3171089674131864,0.8024509750238502,0.6445186125609031,0.3362407797788925,0.387858712928873,0.0254179679289209,0.3667777476111855,15.878945070231202,173.52823887469256,0.3470761738594485,23.935315870943235,116.09325896417072,0.2804475743312494,23.913805005823477,170.78968214301486,0.3305304655601875,24.64727717243748,78.2124655777022,0.284167259124051
19117,IOWA,LUCAS,2022,139.5,110.40326823528316,0.5096734776758309,0.3559536684124014,-0.0858456302591202,0.8541961371724365,0.7164699321606736,0.3821660124773063,0.7894391014948945,0.6584509511418123,0.3671546665376077,0.3445226594966055,-0.0647570356775419,0.3605162637482721,17.595918211729508,120.21813170904346,0.3598857594517683,23.864039138926127,66.4883545020421,0.2813818531502258,25.80282422477064,55.32445851740926,0.2043507778691971,24.813644484302248,65.78685893091208,0.2095791668792873
19117,IOWA,LUCAS,2023,173.9,128.1853376470442,0.6605363764023163,0.5130944173600851,0.0978965395702888,0.8371824243833459,0.7021047169506449,0.3994529913496993,0.7382412077813393,0.569838229444403,0.2417854525178062,0.1766460479810295,-0.0989412166020066,0.1890102995905598,18.61391213032981,75.34482113339254,0.2922843359532265,23.718481011669606,56.54411980719489,0.206991005925378,24.291124091116192,68.89321233091795,0.228090153300098,23.902346917639075,104.82605344202774,0.2584821862540769
19119,IOWA,LYON,2019,186.5,769.2684635297642,0.2375259482858084,0.1527960805963627,-0.2559030339194975,0.8458446138623884,0.7011132600635421,0.3991748643822844,0.8560094927094679,0.7135092418341473,0.4054530487553567,0.60831866557658,0.0101648788470795,0.5483171794671794,12.91620161912826,199.262486291114,0.3794543093246695,20.41515499473877,86.86427068310678,0.3152906109369225,23.58746848691936,68.90788574627975,0.2626535176483182,21.056341308475137,97.8978457677514,0.2522454604023683
19119,IOWA,LYON,2020,197.0,763.8076941180022,0.3415541514086545,0.2309580487943183,-0.2029085018112364,0.8879543447200597,0.7579485832233869,0.4565823176450733,0.844364658362431,0.7013516955798075,0.390963303413902,0.5464001933114052,-0.0435896863576287,0.5269905344290686,13.670178425017829,102.34436121616837,0.3393108315454264,23.45828436683533,62.410346652006,0.2524856354501235,24.6630037605231,70.53683576934122,0.2313261303543078,23.76427562027937,26.94569720345101,0.1645012795297288
19119,IOWA,LYON,2021,216.7,737.2910400003069,0.5422172734342015,0.4142333194189872,0.0066022826978643,0.8620578085648457,0.7262081394191853,0.4334772370507543,0.8254305838966617,0.6871127752083707,0.3949141040833369,0.3198405351306442,-0.036627224668184,0.311974820000198,14.912072004426744,61.55110987683605,0.2962939947118446,24.347202578188178,28.29866965168947,0.193743778746805,24.106191320451615,90.6832455144734,0.2192082939306638,23.91254062148778,74.59504772211655,0.2014360542306205
19119,IOWA,LYON,2022,190.8,717.3265094120572,0.4898332356809287,0.3494962715856768,-0.0894060098716466,0.8626687156071703,0.7339399922115107,0.4106416324596948,0.8472036124455884,0.7100706947466314,0.4067556169173469,0.3728354799262416,-0.0154651031615818,0.3844437206258339,15.437419463757974,114.0571829539782,0.3333539821838164,22.007409112433205,64.39224232807251,0.2832668380508355,24.695125421365177,45.94868687084552,0.1860581362703559,22.77461679031057,70.64746402843072,0.2174820217042553
19119,IOWA,LYON,2023,200.2,730.5351458826491,0.6258052926808602,0.4937315669517626,0.1004967443596971,0.8813893726907214,0.7501897250299572,0.4547421631537629,0.8356424890245178,0.6950502709895403,0.4101298426699886,0.2555840800098612,-0.0457468836662036,0.2564581580781945,17.587873617961826,92.6816850315628,0.3053705377530121,22.797831781021785,75.89763129597766,0.2355735656000023,22.339232636297822,72.44751010114412,0.2266093280951401,23.42371459545975,75.47000469321362,0.2112322748075574
19119,IOWA,LYON,2024,198.8,723.4158811767666,0.3484863934391493,0.2447383227240786,-0.2166222203330206,0.8126799217782782,0.672233308815833,0.3851003339852024,0.782842137697213,0.6610113844864616,0.3984581388066116,0.4641935283391288,-0.0298377840810651,0.4274949860917544,15.89134641907876,216.551236744089,0.3671878126220365,20.96982814753976,297.76872555768904,0.3563341813834431,22.43284664973009,70.30516882209471,0.2843814256084946,21.7550919475488,55.35374172221061,0.2147562620177622
19121,IOWA,MADISON,2019,175.7,294.5027611764428,0.4892376350935674,0.344998991256317,-0.0456242039733089,0.8357043516245264,0.6893403130957577,0.3750584979794927,0.8476932835820116,0.6838788346541298,0.3883810221797341,0.3464667165309589,0.0119889319574851,0.3443413218394406,14.93216657021597,271.46402415765925,0.3915946448677203,21.32083749788492,111.93759682195648,0.3451264605061822,25.183421369929537,50.51787400448275,0.2412166303792328,22.969630493858038,86.6009697354192,0.2412577206477399
19121,IOWA,MADISON,2020,172.0,298.9123870587939,0.5167499826989738,0.363141283598928,-0.0638680558126769,0.8447018002366881,0.7068170195468574,0.3953015375476577,0.7947712121077879,0.6398712324087719,0.3480832425255189,0.3279518175377143,-0.0499305881289001,0.3436757359479293,15.111616902693504,148.79475419639726,0.3425756687738058,23.296409713244856,215.15391300187972,0.3414611162383699,24.77900754382913,82.75109609327832,0.303932774073229,24.076262315332897,15.57999124471493,0.1960821428743174
19121,IOWA,MADISON,2021,195.6,274.8114952940875,0.5283839547079751,0.392958908709209,-0.0430522278981467,0.8271003017569414,0.6904606925869728,0.39759988725622,0.8046858612061586,0.659118427942701,0.3680161812943742,0.2987163470489663,-0.0224144405507827,0.2975017838777638,15.745157704587868,149.2354057485187,0.3493801464894535,24.30470804551479,65.8128128131184,0.2545647711701732,24.295696871935892,129.33445254103282,0.2708413611323287,24.890222925797755,82.1200388111923,0.2414554811051424
19121,IOWA,MADISON,2022,166.9,275.53702941173435,0.5234339435607531,0.3724548837719068,-0.0446014890891231,0.8312860657480259,0.6910592393079054,0.3667408605968727,0.7846877911227702,0.6340985612186467,0.3465231459937393,0.3078521221872727,-0.0465982746252556,0.3186043555359985,17.054857989129182,152.79542661489575,0.3731905167934525,23.247202605019964,84.13760224035605,0.3038372882185521,25.1099509545321,68.98014927822942,0.2327684305310144,24.48039004081945,67.30648061758632,0.2131808331545206
19121,IOWA,MADISON,2023,202.0,262.1465364705572,0.6347263968346846,0.4900246380705947,0.0951951691840872,0.8383056466605787,0.7042361998526437,0.418549103331675,0.8156810528675665,0.6664360202157835,0.3622451562701214,0.2035792498258941,-0.0226245937930121,0.2142115617820489,18.237787562880868,79.04861880624689,0.3075686026329761,23.37547994728299,56.348619043110574,0.2194901647137813,24.06222440557214,56.228565776204505,0.2181380510162092,24.0833194165135,73.43105173115181,0.2325088190177162
19123,IOWA,MAHASKA,2019,189.9,521.299189411844,,,,0.8268617219265308,0.6839645481552018,0.3892407845687636,,,,,,,15.428491743378824,204.74850719706265,0.3913743247980734,21.473046906124463,129.82747941907766,0.3443128420856386,25.2702446872372,65.46106319709173,0.2662982796354063,23.01526060864692,66.24043875001347,0.2312775156989852
19123,IOWA,MAHASKA,2020,180.8,541.3679152942013,0.6974683828950249,0.5467181368700369,0.1573414443655141,0.8307308298324684,0.7115449199934626,0.4194990664508285,0.7634896390425591,0.6155478349703246,0.3309337838931442,0.1332624469374435,-0.0672411907899093,0.1648267831234257,15.288539515437174,153.95493691033505,0.356277490349166,22.80838126326179,174.53946308504902,0.3458073784012933,24.877033903694777,85.95775782057598,0.30316303517715,23.62605894171249,19.421333738412745,0.2076114106686568
19123,IOWA,MAHASKA,2021,200.5,513.2948258824127,0.4258072659739209,0.3008431088496384,-0.1096111545062018,0.8385543001813532,0.7130518822656704,0.4204000118042888,0.7967190789901145,0.667388813144469,0.3892136744510435,0.4127470342074323,-0.0418352211912387,0.4122087734160319,15.996744615168064,172.30055102576034,0.3552775983914972,23.87558535344983,101.2428069312304,0.2815077607122749,23.935388080993075,131.58072229529543,0.3167183320301379,24.505909136068443,83.03067912349037,0.2797677492940278
19123,IOWA,MAHASKA,2022,186.3,493.44155294121737,0.5913392438321323,0.4465633627421663,0.0518582504028995,0.8697122762830886,0.7463131716336152,0.4499727136345248,0.8706272090896079,0.7454145497522271,0.4404271222948705,0.2783730324509562,0.0009149328065193,0.2997498088914488,17.77508816971792,110.82402016631796,0.3604561731895751,23.461418397359445,73.64526935407906,0.2937958556292576,25.571414110243893,40.27990706303632,0.1975204907360527,24.451668854726123,54.18908303631218,0.2000825884215663
19123,IOWA,MAHASKA,2023,214.9,494.4608717647589,0.7227074456570803,0.5855434131383734,0.2180209531998381,0.8673017256750337,0.7510231563683909,0.477377736827066,0.7716171035696906,0.6123338693387123,0.2993210230715493,0.1445942800179533,-0.0956846221053431,0.1654797432300174,18.542301922973884,69.72857679693509,0.2934245804628222,23.74830850014556,29.391394828373613,0.1838177861886218,24.41940579946433,57.29787920296021,0.2065048541003655,24.038470165560227,80.61551997939127,0.2317011177161723
19123,IOWA,MAHASKA,2024,222.9,502.4636011765066,0.6859518470064081,0.5567418636703689,0.1684977345454119,0.7870941713067249,0.6696268262538112,0.4127704415383207,0.8288856242894145,0.6849744765883333,0.3962829736422467,0.1011423243003167,0.0417914529826896,0.1128849625834422,18.155687294983625,213.8813169262722,0.3814837077086587,23.600803207336643,128.27856791110614,0.3204512987940426,23.355413692584445,131.2905823168913,0.3203684288846928,23.23019175386576,92.07190350392304,0.2526914871726299
19125,IOWA,MARION,2019,170.7,318.0549670587898,0.3469280210545715,0.2166286219461115,-0.1435420734855647,0.8148293832778392,0.6590478626040617,0.3571326642900645,,,,0.4679013622232676,,0.4424192406579501,15.347140168108185,208.8621460493511,0.3897056948854629,21.496305062537125,135.0687389969642,0.3548901226110189,25.25235057109374,69.57213251807613,0.2696541721248284,23.00163770109047,73.98746895775787,0.2496644930725934
19125,IOWA,MARION,2021,199.1,290.7962894117292,0.4222145784356357,0.2934106656817383,-0.0897267092473284,0.8267031394268898,0.6916559884283421,0.3832503084044381,0.8064058243185631,0.6669409712237008,0.371825250179362,0.4044885609912541,-0.0202973151083266,0.3982453227466038,16.041042146194158,164.92908797178197,0.3516863996812168,24.07933601304598,96.00476851563366,0.2762634304769678,24.07246449756243,147.43116445279804,0.3143688791038968,24.713790306269885,72.75195476217355,0.2794708535361084
19125,IOWA,MARION,2022,175.2,292.0780482352696,0.5845022107049562,0.4304356955375452,0.0283671878869831,0.8574829881304681,0.7278242879238004,0.4190010036814789,0.8184439052013209,0.6909044359358176,0.3957712839281558,0.2729807774255118,-0.0390390829291471,0.2973885923862551,17.65815191886208,127.24381684345045,0.3674536738646023,23.496552281847208,75.16274105259807,0.3003927047164352,25.570101109230663,47.36760965002074,0.2091152237609245,24.54366249086084,67.62954245055825,0.213276733503597
19125,IOWA,MARION,2023,203.7,284.79122823526035,0.7240026560326299,0.575364954253056,0.1955518102696191,0.8565877637024594,0.7312977052376057,0.4507292447559855,0.7531065691393583,0.5874060376725391,0.2689984914381177,0.1325851076698294,-0.1034811945631011,0.1559327509845497,18.63858703212752,68.21211177873975,0.2956869216501122,23.69792255542899,43.87436299718583,0.2042598977275923,24.444981251008265,54.54594017537646,0.2112719913135217,24.192724336161305,73.84210916780137,0.2325365450320403
19125,IOWA,MARION,2024,218.1,295.64290588232524,0.6681362696995523,0.5324812426350006,0.1436393141171821,0.7889166515322228,0.6631644317859674,0.3957414305719333,0.8390228343757015,0.6890692035908458,0.3923429756039194,0.1207803818326704,0.0501061828434786,0.1306831891509667,18.1402069491524,209.3731949665538,0.3807320830441466,23.911495786180694,123.82667650784248,0.3122017669833564,23.60064177564397,125.18669049864396,0.3148380591199289,23.373864885797104,88.89858281297158,0.2589344719605885
19127,IOWA,MARSHALL,2019,221.9,641.8914458825128,0.2605028496056181,0.1674024344541476,-0.2329859847452168,0.856880475888037,0.719588195442573,0.4232481224629238,0.8807771828466683,0.7459570959954843,0.4399718786130404,0.5963776262824187,0.0238967069586313,0.5521857609884254,14.44536058545346,194.8430974427588,0.3913466630025135,20.910836233006908,79.71910584835577,0.3425890404935252,24.60075659077908,83.76665918278263,0.2693953616780682,22.028973063139837,63.898512841452906,0.2389725817613322
19127,IOWA,MARSHALL,2021,211.5,544.9608494118179,0.4458316752198351,0.3232221516051108,-0.0844413330121643,0.8057606202411051,0.6728276909980119,0.3441600249355608,0.8200091641554969,0.6824307117308096,0.3761909299150106,0.35992894502127,0.0142485439143917,0.349605539392901,15.524735575223518,127.38022285637322,0.3431215772932615,23.80471628913444,85.24462269795106,0.2671071090835134,23.704604928706328,100.07999437480706,0.2867426241767123,24.182446117845668,66.56568158932085,0.2277577976180765
19127,IOWA,MARSHALL,2022,214.1,595.68551294128,0.5909606526195368,0.4382848497651311,0.0058232153493308,0.8572822954055231,0.7317151589341916,0.4318978174322352,0.8476035393834305,0.7318616257468116,0.4365423516507489,0.2663216427859863,-0.0096787560220926,0.2934303091690604,16.838847023548116,115.39059816418406,0.3680259491579667,22.183188133544203,100.28879196371444,0.3223140372381043,24.0728240995319,89.3858087337379,0.2605519173866419,23.03023398190579,89.14996486959853,0.2369637863255709
19127,IOWA,MARSHALL,2023,216.3,584.3259494118637,0.614335549654929,0.4876556599928152,0.1263955270877551,0.8418949730495564,0.7268230158705071,0.4655432707047137,0.7812661696716583,0.6404511553424342,0.3519089414885262,0.2275594233946274,-0.0606288033778981,0.2391673558776919,17.63145782853443,74.66666122253199,0.3132417114755449,23.08966681616613,29.49279102989941,0.1952966737567137,23.564966966139394,50.55612312534857,0.1935492219995786,23.873337033428445,47.02285731202411,0.195172895675715
19127,IOWA,MARSHALL,2024,222.2,616.6675200001276,0.5170879762673795,0.3963853657557297,-0.0130999939903535,0.8493907253180201,0.7176607804441738,0.4256892335501657,0.8482375325824368,0.7181098769045543,0.4254477863119687,0.3323027490506406,-0.0011531927355832,0.321275414688444,17.36925114596428,218.1930254417909,0.3801787284681207,22.64401624921734,95.65725134413324,0.3201055780954607,22.531640887130266,127.47660921044506,0.3258774408643622,22.57921484213686,53.056525800086185,0.2421846916734903
19129,IOWA,MILLS,2019,202.9,365.0660611765237,0.7477864764463105,0.5808645969742787,0.2062107008134872,0.8623105276505793,0.7229705493145134,0.4185119485048063,0.8591451049229956,0.7115073075755053,0.4129853932987741,0.1145240512042687,-0.0031654227275836,0.1421059523402347,15.529644568847344,274.9892355104085,0.3807076042497547,21.99174865076484,138.87962433238872,0.3430162317443008,25.53993289120646,49.82703144234506,0.2239052131551798,23.07611947229997,196.29825756390008,0.3350663318889602
19129,IOWA,MILLS,2020,182.2,412.72075764711946,0.4721519249063342,0.3310671619785972,-0.0503418710841479,0.8697209567709627,0.7316769340420766,0.4107298346046176,0.7965176848723966,0.6373277904060695,0.3172010419376037,0.3975690318646285,-0.0732032718985661,0.4006097720634793,15.638398608999909,106.78910119251164,0.3273288421810451,24.59306265599592,129.34327784834812,0.3283833988153091,25.26841857226097,188.9857564419112,0.320797324862267,24.182409666345425,22.021309135931755,0.2353049123636305
19129,IOWA,MILLS,2021,209.8,390.32522823533344,0.6297427723595784,0.4877552634909677,0.0901929858165637,0.8305560871456302,0.6988752150757361,0.3765266633078577,0.8149240589333321,0.6627934493787893,0.3547587051593667,0.2008133147860518,-0.0156320282122981,0.2111199515847683,16.405479625664,104.88708168438072,0.3529511573721613,24.93449315531,107.70992133294853,0.2808732967208426,25.19088212530312,77.38949034527475,0.2563969185585631,25.92587390824436,64.3288169836148,0.2039427216489914
19129,IOWA,MILLS,2022,191.1,398.5780235294549,0.6141280057402608,0.4616719705114215,0.0701795156338083,0.8586882600102973,0.7248338987185173,0.4020180914569555,0.7775509584812718,0.6368622794958878,0.3491397355649781,0.2445602542700364,-0.0811373015290255,0.2631619282070958,17.618049979842283,173.4959996424724,0.3708061660456881,23.638903782345853,87.15711963096503,0.3160920521694141,25.26278411219352,111.6716504044108,0.2631678715818788,25.050985510935583,71.97484468749111,0.2118346187851871
19129,IOWA,MILLS,2023,204.3,399.0807776470952,0.7300244916394011,0.5877858138152785,0.2140847530213992,0.8515995359289009,0.7207329354817511,0.4220652693556632,0.8214745203602273,0.6770242160641585,0.3740147726741325,0.1215750442894998,-0.0301250155686736,0.1329471216664726,19.324033382100318,55.86465110007011,0.2667398479522516,24.598918592096418,46.09353429415044,0.1952517179568046,24.937516265205137,66.1748368827358,0.214645612841332,24.635538189087733,92.65638279389148,0.2508396666853347
19129,IOWA,MILLS,2024,210.9,413.29054235300026,,,,0.8443900949867618,0.7163679727671471,0.4183535471222741,0.8314806577029681,0.685547796970603,0.3675765314891847,,-0.0129094372837936,,18.06304144041822,181.5375217982885,0.3746532819315636,24.22885531683901,107.60501194240788,0.3302467832398031,24.575275989178525,77.13561958909291,0.2683682465506812,23.97483199827239,119.22715649530276,0.2410759970789125
19131,IOWA,MITCHELL,2019,194.5,631.289932941549,0.3021814115717441,0.1982172871897632,-0.2249995371337118,0.7867692680134754,0.649255337999747,0.3326164785302221,0.835442792210031,0.6949706397599953,0.4130759589450124,0.4845878564417312,0.0486735241965556,0.4510380508099837,13.025474305583796,193.2579437479845,0.3857826598868737,19.848833849742736,105.4749413082462,0.3560613471193797,23.18835732133135,120.56112789098334,0.3316018397943346,20.32614411275194,61.94673476866394,0.2610319195704277
19131,IOWA,MITCHELL,2020,203.3,636.6516988239124,0.4097779890834486,0.2858179783223298,-0.1477260822725468,0.8631949789463959,0.7269450361827932,0.4136217407286634,0.8385722946739649,0.6839833311146326,0.3931993193311465,0.4534169898629472,-0.0246226842724309,0.4411270578604633,13.754114206467388,109.826841305119,0.3514186154503578,21.3703810575649,164.84354026744995,0.3502589783233517,23.53170413090404,51.6546525532375,0.2740707095663381,22.37732565822271,64.28976690314464,0.1930253120028577
19131,IOWA,MITCHELL,2021,203.3,607.2164611768064,0.4033231491714524,0.2842842479523965,-0.1522857815122926,0.837631158542196,0.7075722651534274,0.3925279248473534,0.8294648993794158,0.6980148748264386,0.4014851058924459,0.4343080093707436,-0.0081662591627802,0.4232880172010309,14.813272531090693,120.42079803857877,0.3335219692229199,23.4077797472812,120.57441714123408,0.2908137427559122,22.828454720072543,80.7950488250081,0.2924517003344959,22.471562703598316,172.74159680980824,0.2810655048384159
19131,IOWA,MITCHELL,2022,217.9,593.0506270591374,0.4354821436876424,0.2967523959333711,-0.1619301502458825,0.7887107620305377,0.6692401224482271,0.400484196697273,0.8803944803432272,0.7613914140655748,0.4698876831819171,0.3532286183428952,0.0916837183126895,0.3724877265148559,15.36735614041502,106.64925546785578,0.3715438035576697,20.81077629793484,95.99993976967184,0.3321828144070284,23.10850101376876,54.22000074071608,0.2380000791367173,21.507017626020613,149.46005615866483,0.2936559980661457
19131,IOWA,MITCHELL,2023,171.8,600.4934647062053,0.5176794431184869,0.3993834643158132,-0.006700619391214,0.816412839051766,0.6840007474780591,0.4023178760373971,0.7416043804955708,0.5762539106535108,0.2662727140323321,0.2987333959332791,-0.0748084585561952,0.2846172831622458,16.470382237148247,84.95042891010634,0.331535442592279,22.13352561427084,46.58923317602316,0.2240226729350705,22.20624361555109,59.681687382139,0.2151885441793574,22.752294944491062,53.03916548231021,0.2167032024312542
19131,IOWA,MITCHELL,2024,212.8,617.0963294121145,0.3912755208004438,0.2773865685112855,-0.1797976737646176,0.8334329260757919,0.7000592299796885,0.4144436785001213,0.8475503230968392,0.7137620058167842,0.4361203249157742,0.442157405275348,0.0141173970210473,0.422672661468403,16.19046254697236,212.1594029967304,0.3786985186491713,20.82557361313894,206.7328108626625,0.3645342295854346,21.661850768677755,130.94335283394977,0.3317476875594186,21.25719335071882,80.14745991569505,0.2729583992767128
19133,IOWA,MONONA,2019,203.9,721.9116176472376,0.5373751924895118,0.395099143110469,0.021265300119337,0.8586448301079617,0.7179365152181919,0.4107689493143221,0.8475439817053266,0.7034982959397881,0.3959627167980579,0.3212696376184498,-0.011100848402635,0.3228373721077229,14.579031048564373,204.9885784122201,0.3847288493335,21.335862804562,128.02418462004383,0.3447717280900844,24.852039780742462,49.18701577897157,0.2421386301758305,22.367984572997965,143.61595366179012,0.2943861706346211
19133,IOWA,MONONA,2020,178.4,711.5779235295885,0.3932767408569745,0.2701110208279009,-0.1027648451959502,0.8737237956183178,0.7400129380457091,0.4323577217488946,0.800304671799951,0.6474461132132109,0.3437431669692661,0.4804470547613433,-0.0734191238183668,0.4699019172178082,14.80903278288774,92.24644300668024,0.3268677027122183,24.197699708662643,137.43690607574052,0.3087892768671108,25.577967795933453,68.1589488137927,0.2513423316513743,24.55601710182501,37.405682719995184,0.1930455169150939
19133,IOWA,MONONA,2021,197.7,688.1458835295521,0.6158154155775305,0.4742773790801453,0.0941174025454212,0.8407109731754622,0.7139220467818072,0.4191624286197825,0.8045372745979671,0.6684959355170366,0.3739467156754179,0.2248955575979316,-0.036173698577495,0.2396446677016618,15.771917318398248,123.4162580867224,0.3448112588463007,24.527314869539637,79.03142699833221,0.2610782940761126,24.607715545577985,113.99946913034614,0.2499489678331273,24.72559276197459,109.23436572958568,0.2372170521389916
19133,IOWA,MONONA,2022,168.6,665.6111717648278,0.5800455002305996,0.4373925742643885,0.0678334846391298,0.8504720573144712,0.7221885663706388,0.416244582391591,0.7855674707360973,0.6391698693738589,0.3414145672243444,0.2704265570838715,-0.0649045865783738,0.2847959921062502,16.657134378565715,143.5582422388765,0.3626715602135529,22.88229026131266,110.61036186197862,0.3146327401429367,25.10351541688337,59.94634145688232,0.2160037584569225,24.37817107753739,54.32474242314502,0.1979072183288405
19133,IOWA,MONONA,2023,165.4,674.4182152942423,0.6194562504325382,0.4835860772447761,0.1395209812263085,0.8307890898498883,0.7005325470785676,0.4069707665692468,0.8057789475125929,0.6575165313687816,0.3503838081992348,0.2113328394173501,-0.0250101423372953,0.2169464698337915,18.84428221444623,66.42631494803094,0.2745552474108575,23.955585550350804,55.86928055344565,0.2138133035191695,23.92076576930304,77.87747297124663,0.223653433071588,24.346163605295104,68.23576668361132,0.2265771085927142
19133,IOWA,MONONA,2024,192.0,709.8044505884012,0.3976835582067326,0.2826592163375724,-0.0671804288084965,0.7825966742494398,0.6560850886521927,0.361887108041019,0.7947712624882456,0.6592558755190093,0.352850923973804,0.3849131160427071,0.0121745882388057,0.3734258723146203,17.102401706235078,199.62777466191008,0.3675222016595911,22.93242909317912,172.2803612850593,0.3484812238544507,23.58690843198271,89.12135498550278,0.2913987846947788,23.19047552203484,72.30078510844669,0.2146846259816861
19135,IOWA,MONROE,2019,162.3,108.9746082352845,0.4309808892526476,0.2657749267343412,-0.0868871809928798,0.7974484538790579,0.6330345071026459,0.308316086558165,,,,0.3664675646264103,,0.3672595803683046,15.523685294773546,194.4285970269948,0.3917946006957907,21.52929474674379,156.37456043034052,0.3516057754416027,25.31773272070994,61.95111729386069,0.2609088803542257,23.285299665439812,73.61469046989471,0.240525157433146
19135,IOWA,MONROE,2020,153.8,96.63094588234502,0.5861601757355468,0.4266871390719051,0.0179286952657136,0.801953139281008,0.6540184546571657,0.3140627770771501,0.7602141283233641,0.5910644649497684,0.2981376699664191,0.2157929635454611,-0.0417390109576438,0.2273313155852606,15.271558075110566,132.62785286731818,0.3539032520097869,23.0000620592613,171.99911750599614,0.3382041693320918,25.055376347198507,97.35272993989842,0.3093496786279782,23.82469435580319,16.567659939575904,0.2152642447010136
19135,IOWA,MONROE,2021,166.1,117.09645529410648,0.4025416777510977,0.2724604505056655,-0.1282036567697697,0.7677848598671492,0.6171994508012288,0.3225833523299208,0.7971893232848949,0.6398874019780876,0.3391619509219596,0.3652431821160514,0.0294044634177457,0.3447390002955633,15.958649845441242,181.1506629062008,0.3528476311510023,23.930591830408783,107.51986639954494,0.2815700444659858,23.94319356663325,180.11920967121284,0.3344320819274652,24.580755831598985,86.78931048236777,0.3060493721524586
19135,IOWA,MONROE,2022,145.4,91.03031294117037,0.5447873826812846,0.3913295318283863,-0.0218935560103116,0.8618742596025747,0.7303473057566536,0.4126092810273571,0.8502233029594349,0.7195944072044629,0.4072195597527423,0.3170868769212901,-0.0116509566431397,0.3390177739282673,17.82099565349639,116.31544281301376,0.357630937239939,23.881858943141804,63.63201948209217,0.2811521107194114,25.934067856150296,49.02281575732366,0.1987028382991702,24.81265508965096,56.617925435091486,0.2056268488008297
19135,IOWA,MONROE,2023,181.1,110.09560941175496,0.6857984119000095,0.5392618700124866,0.1371848813848078,0.8497635860364865,0.7213951972256267,0.426455820335073,0.750828119235945,0.5847687425973394,0.2555857696325224,0.163965174136477,-0.0989354668005415,0.1821333272131401,18.82440521585817,61.56844258258943,0.2718806683518325,23.87030132326308,45.6840041467238,0.1949129303486368,24.499142043877445,67.10872549187465,0.2224443299057315,23.94765254913241,106.26091547545552,0.2593193056605766
19135,IOWA,MONROE,2024,191.7,100.37351294116982,0.5365998443511364,0.4106575723154129,0.0048815269305472,0.7450733334330868,0.6178754795066457,0.3325586813454083,0.8414959485265011,0.690809950578657,0.3780562062623939,0.2084734890819504,0.0964226150934143,0.2072179071912328,18.245076301604573,185.0853947109128,0.3759787738088406,23.996757742959037,137.50693779691315,0.3120958569532338,23.75431421109339,122.96320494490637,0.3079668464906113,23.504864803557616,78.87121759095086,0.2457532403186016
19137,IOWA,MONTGOMERY,2019,204.8,398.96031882354856,0.7334719601574612,0.5702255430280371,0.1889861969168751,0.8515736324965886,0.7107403402564559,0.3945150455526882,0.8477592316489679,0.6948929303685757,0.4040368438592648,0.1181016723391273,-0.0038144008476206,0.1405147972284188,15.329498615220947,283.02864647847144,0.3871011566948371,21.71315545641396,135.83281948286665,0.3427994307528238,25.252946806906447,50.93118657746576,0.2307772005883852,22.984839917550115,179.8303045251916,0.3142046763778914
19137,IOWA,MONTGOMERY,2020,184.6,395.9700211764948,0.4250531930179712,0.2969393817464245,-0.0982711042673275,0.8641636663714369,0.7304409183276646,0.4091846252793193,0.7723124328426099,0.6207521137272224,0.305826306083052,0.4391104733534657,-0.091851233528827,0.43350153658124,15.440417078630905,112.88643297118072,0.3314249174607006,24.229643911253145,126.20108274288054,0.3279484056069388,25.034773675036377,165.8704330437147,0.3138186729867115,24.045376780411484,14.437645289387683,0.2202974994715076
19137,IOWA,MONTGOMERY,2021,204.9,383.4851682353028,0.6085000644179017,0.4698169764137016,0.0576726683526903,0.8315429676002077,0.702379821902944,0.3889805408115448,0.8269933493832433,0.6846348124922278,0.3692954960922364,0.223042903182306,-0.0045496182169644,0.2325628454892424,16.1583142859819,129.5308865341526,0.3534111878021973,24.75538266077372,84.59895536659506,0.2722518632454881,25.064143665705068,81.18288767193849,0.2422524589311799,25.61680809202124,83.92323334446878,0.2135877970730455
19137,IOWA,MONTGOMERY,2022,187.8,376.80620470589406,0.5943887981539788,0.4515934360808379,0.0499434156222807,0.8559019225236348,0.7221299310706276,0.3973470531697602,0.767531627222247,0.6280254049575308,0.3513094422197784,0.261513124369656,-0.0883702953013878,0.2705364949897896,17.465310719006407,168.39984420120905,0.3716304639751804,23.50289789585186,93.64382157713682,0.3146768905770066,25.07581872735478,100.5018720084946,0.2617923847207415,24.826270537251144,84.7941014096847,0.2169835860400727
19137,IOWA,MONTGOMERY,2023,206.2,390.8542517647133,0.5459603323543714,0.4242418016486781,0.0530593026416386,0.84716780282716,0.7150173306468139,0.4010249840250405,0.8564050374715594,0.7193380689531644,0.408106062469474,0.3012074704727886,0.0092372346443994,0.2907755289981358,18.992734295932134,67.35354387102066,0.2859856464835844,24.26166617990606,46.03265550168165,0.1997534730699327,24.768764766643933,56.45866356257531,0.2074743598247996,24.21289017286612,103.3065250988634,0.2605306357203527
19137,IOWA,MONTGOMERY,2024,215.8,396.3010658823824,0.834922831792098,0.6845731551830587,0.2520934286025854,0.8283181141047857,0.7025975978278882,0.4236786110479144,0.8384524736425155,0.6933141778767183,0.376798022724617,-0.0066047176873123,0.0101343595377297,0.0180244426448294,17.944431870050376,177.74218726689998,0.3736104927850459,24.062442911706185,124.76543196041828,0.3202683744414933,24.24494901304356,76.41795221238279,0.2766929240785879,23.701028837346296,120.49796890146146,0.2449059728420332
19139,IOWA,MUSCATINE,2019,173.2,356.35996941177297,0.315746365694452,0.2099768850159604,-0.1761659734433001,0.7470987120743235,0.609968155998452,0.2682863909176336,0.8398335373179846,0.6949714788765553,0.3870635637018356,0.4313523463798715,0.092734825243661,0.3999912709824915,15.474619301509584,189.6321015149206,0.3947066312569465,21.423599467554567,102.47174025421498,0.349689593497327,25.84073568760412,31.44420344531513,0.2277641373988814,23.233377268703624,89.29039418074619,0.2332488449737834
19139,IOWA,MUSCATINE,2020,172.8,390.0223341177032,0.4673581730632676,0.3319133715952244,-0.0734396952129142,0.8418478870447793,0.7143968447914268,0.4248936549606052,0.8074345460139669,0.6605873519122448,0.3632105680771705,0.3744897139815117,-0.0344133410308123,0.3824834731962024,15.128003102577102,157.67293433208175,0.3670260061922388,22.51039569616806,127.01833104062226,0.3352562980761145,24.931639112508435,123.73990671335146,0.3320320991822674,23.51735001009069,21.53213920103953,0.2122736270984068
19139,IOWA,MUSCATINE,2021,204.5,358.8337376470756,0.4909021138304796,0.3558348497796347,-0.0358910187633802,0.8289603811557643,0.6971184519526629,0.4064978282720894,0.8114909118653504,0.6818358855339808,0.3870482850917792,0.3380582673252847,-0.0174694692904139,0.3412836021730281,15.723933677762682,135.06533242894272,0.3550388296794438,23.67527576073375,127.68759929189928,0.2890611922570996,23.842635625619145,91.4521107060959,0.3143963633490665,24.4947731092636,72.18942047911533,0.2497124481514639
19139,IOWA,MUSCATINE,2022,213.1,357.1664752941504,0.6080500964181537,0.4612965941003794,0.0447452577529672,0.8934074755994494,0.7711273678250085,0.4628398255286268,0.8758165402326576,0.7523490842412682,0.4503517728789419,0.2853573791812958,-0.0175909353667917,0.309830773724629,17.75800308920712,107.23032344962051,0.3566021380001942,22.753633307804986,103.79306118394322,0.3192793427772467,24.80881412369392,45.45743580511736,0.2270251690863356,24.010652723049496,50.48835708322073,0.2009961243621788
19139,IOWA,MUSCATINE,2023,211.9,354.8397741176576,0.5300751508090831,0.413990518264533,0.0437506507854775,0.8444764642554907,0.7194128415959038,0.4283679534340394,0.8308145808052767,0.694010456422338,0.3861836249747843,0.3144013134464076,-0.013661883450214,0.3054223233313708,17.755917478712295,65.55713159298566,0.3012485614691963,23.568330318939086,16.20028944905659,0.1622861310736269,24.411846077390628,76.25513142234666,0.2277244526623479,24.14257790761605,62.61430207539661,0.2184564096699623
19139,IOWA,MUSCATINE,2024,220.4,368.9341235294489,0.6340319594044531,0.4988030226680092,0.1199546803956896,0.8474411161657893,0.7164225117011592,0.4331558027077628,0.8220647670048715,0.6789686452217901,0.4008796757208842,0.2134091567613362,-0.0253763491609178,0.21761948903315,18.24226693701241,178.88608784832533,0.3807424502097233,23.05589919516731,126.94398225453538,0.3318772232597103,23.13303511447033,149.9583161856901,0.344667315702504,22.935485439413156,65.34744732647263,0.2855585152021025
19141,IOWA,O BRIEN,2019,204.9,715.910438823873,0.2987083328343392,0.2041572823603825,-0.244859562086087,0.8698900336402461,0.7324116212901088,0.426999287625144,0.8757114199174351,0.7390928782419878,0.4343601452348387,0.5711817008059069,0.0058213862771889,0.5282543389297263,13.142330384290112,201.64425885956396,0.2764371143156581,20.37352025058562,97.04456824622947,0.2192065671037101,23.627843480533,61.192461936267314,0.166532041657852,21.10377658726055,92.6393848434776,0.1527334736318179
19141,IOWA,O BRIEN,2020,199.5,714.0846423532865,0.3504120254790607,0.2390702485197933,-0.2189852591355172,0.8807813501689999,0.7540942700095463,0.4484242521580631,0.8526784209931215,0.7048537619901134,0.3973516573449919,0.5303693246899392,-0.0281029291758784,0.515024021489753,13.83399049254365,108.50975602152944,0.236040551819336,23.279636898266336,90.95939863208598,0.1703889522611415,24.87435043155316,41.602314434811575,0.1220644195725826,23.664460858670576,36.90818313595915,0.0959593532028861
19141,IOWA,O BRIEN,2021,213.5,686.829317647356,0.5752631061075992,0.437357515238411,-0.0388061371298331,0.8331119317626541,0.7061031024540046,0.4258394352775417,0.8343135009412997,0.6929063875325906,0.4017458849823723,0.2578488256550548,0.0012015691786456,0.2687455872155936,14.828152551329428,91.64360974370808,0.2230834931884544,23.810690841947107,52.29640935851333,0.1443217523946057,23.684013875734543,94.62329622817956,0.1460681138974474,23.84271075809792,79.22076610771673,0.1291341883768564
19141,IOWA,O BRIEN,2022,201.1,670.4526494120473,0.4997027359842896,0.3606682275406972,-0.1074870502744314,0.8760074820523328,0.7478096504938383,0.4287568028978797,0.8380240268402318,0.7079343398944559,0.4103267222829186,0.3763047460680432,-0.037983455212101,0.3871414229531411,15.577038854515392,100.64411141824826,0.2435901860042737,21.763973451364272,84.58881394532936,0.2104436288693214,24.37519667496269,51.92246811947558,0.1153286102807433,22.7865014176606,68.67447935357528,0.1351049338595511
19141,IOWA,O BRIEN,2023,212.7,684.8228329414724,0.6107870976475989,0.473530665883528,0.0929090983070429,0.8782376356131893,0.7544825905304172,0.4716389054343353,0.8581849308520376,0.7248369774236165,0.4397071750131538,0.2674505379655905,-0.0200527047611517,0.2809519246468892,17.531681313196827,99.98063866357234,0.2100056065415734,22.51265770910243,88.21547446934197,0.1629664614163256,22.08396332461887,82.04326329606123,0.1647970842407403,23.267399579954485,74.29318273374665,0.1302044129737632
19141,IOWA,O BRIEN,2024,199.0,679.7474294120607,0.3796893228670656,0.2672551310763042,-0.1954665069405061,0.7946241833639168,0.6537194318481513,0.3417575089175641,0.8231148203502053,0.6858520277238693,0.3837039582584387,0.4149348604968512,0.0284906369862885,0.386464300771847,16.094438178327987,217.443872184132,0.2748881224513092,21.241966383777484,239.5590037338653,0.2642311153135527,22.30234956997847,103.49225073034836,0.2027629981622357,21.687126721971964,83.80079135359698,0.1569384800814962
19143,IOWA,OSCEOLA,2019,182.5,492.5004141178183,0.237141450790787,0.1530452733659299,-0.2925336762484041,0.8583112062793644,0.7162152924723187,0.4169445107055167,0.8669006668004964,0.7279897657035552,0.4288870763165799,0.6211697554885773,0.0085894605211319,0.5631700191063889,12.761269359308802,192.4364079814345,0.3395491484707233,20.110627090599248,99.34233378663592,0.2879856093923502,23.23053958588429,77.44988887812725,0.2515113931974598,20.68336316248876,93.97792932991226,0.2209321337975243
19143,IOWA,OSCEOLA,2020,185.3,504.354204706069,0.3278642047598178,0.2199098376886391,-0.2388268674618949,0.8916238056426936,0.7582581511312649,0.4460366462064822,0.8448271525546716,0.6965207472510198,0.3889583567274036,0.5637596008828758,-0.046796653088022,0.5383483134426258,13.532095526402012,109.03896672123992,0.3062765324014947,23.02315504093299,73.99839100656864,0.2278182851847082,24.54643860459836,55.87238960225356,0.1875470536695633,23.331337749500484,32.33486666141537,0.1412010212581896
19143,IOWA,OSCEOLA,2021,208.0,480.7987482354486,0.5493722781083974,0.4136797112384904,-0.0473096748460882,0.8416980594194116,0.7104690711443816,0.4277246070969762,0.8245082453061132,0.6775239065098602,0.4001713814647854,0.2923257813110141,-0.0171898141132983,0.2967893599058912,14.638312189582887,69.402563659833,0.2768407787836058,23.86137826429489,41.41014265715656,0.1862360780428091,23.60148639976597,97.619197838414,0.2049488593050532,23.62192725975733,82.25847269880023,0.1815567712202132
19143,IOWA,OSCEOLA,2022,197.5,475.8783988236767,0.4621799382917177,0.3249233009297974,-0.1345679313191223,0.8793360832716217,0.755219701425452,0.4342022569981608,0.8656518568651052,0.7322177918587646,0.4271008248895134,0.417156144979904,-0.0136842264065165,0.4302964004956546,15.297238936439518,110.40936131183383,0.3058906306833802,21.58573029300178,74.02935969685103,0.2635351071452813,24.110608258511853,60.21730171094035,0.1752641549764489,22.40454143193412,69.53405976682183,0.1906488909646541
19143,IOWA,OSCEOLA,2023,203.7,472.9690905883754,0.723319045799675,0.5765451253931918,0.2092004366846229,0.8801272192472217,0.7483678061007129,0.4529749668076547,0.8329864897501066,0.6900963480008977,0.4091361926356012,0.1568081734475467,-0.0471407294971151,0.171822680707521,17.238946132847786,110.11420828188072,0.2773607539156731,22.273403411058144,80.53382521521816,0.2269626336224194,21.8830698613468,75.50323361062931,0.2141799698211413,23.01492125539385,67.35121713415073,0.1826865707956484
19145,IOWA,PAGE,2019,191.3,474.26321294121664,0.7029893262495546,0.5405000027157862,0.149246956987581,0.8220648953677048,0.6757572100129831,0.3417665872411021,0.8505691641128077,0.690831191721123,0.385747336893027,0.1190755691181502,0.0285042687451029,0.1352572072971968,15.724599338777024,269.5440228243353,0.3901281915001092,21.96733689669733,159.06298242802,0.3419084615915965,25.45976826554581,53.94400832145002,0.2331086303088456,23.28120220800577,183.023342691894,0.3263465415841993
19145,IOWA,PAGE,2020,181.6,495.97393058829925,0.4657155284515911,0.3292641919615678,-0.0769992519605286,0.8654926832126104,0.7304109130453622,0.406544312473061,0.8004892239352022,0.643162234301884,0.3203175750228816,0.3997771547610192,-0.0650034592774082,0.4011467210837943,15.68573504428284,135.62521057911724,0.3432573218916008,24.469779394730157,134.43595942689134,0.3272436767112275,25.21921050077583,199.0584114784918,0.3270400832406184,24.05134673759402,19.89505530818479,0.2378862963554386
19145,IOWA,PAGE,2021,206.9,443.696421176474,0.6104691395863373,0.4715431217109333,0.0552178593280601,0.8409703904433321,0.7096342819947667,0.3926807957478264,0.8350869672322259,0.6886232065023451,0.3721941056532507,0.2305012508569948,-0.0058834232111062,0.2380911602838334,16.36503216008218,138.90467362914868,0.3530479684035003,24.90382694718074,87.78591292520318,0.2743729222861922,25.11355812693828,82.78004863545564,0.2614095036152863,25.87406098016602,88.27894920124439,0.2196937545809094
19145,IOWA,PAGE,2022,174.5,469.6680635294501,0.6055914705191796,0.4580884503925056,0.0519495296063038,0.8509315943268561,0.7127205899242715,0.3806380977994238,0.7736466164874025,0.6192164364761642,0.3186799511633218,0.2453401238076764,-0.0772849778394535,0.2546321395317658,17.984886677404276,153.8626064217674,0.3522888569663805,23.92608206385159,98.07717949831918,0.3172999467937917,25.589022602631783,97.76977482116688,0.2560842205805171,25.395226373010225,83.40088523254923,0.2064828763036768
19145,IOWA,PAGE,2023,206.6,451.45139294118906,0.6031123028161417,0.4692555203768677,0.082694771009101,0.860890866190814,0.7281925226293798,0.4204399359128896,0.8622132151325091,0.7213949352112993,0.4125275905689138,0.2577785633746723,0.0013223489416951,0.2589370022525121,19.182764281248005,65.66294052644128,0.2871333537380325,24.44229235661569,50.57664606195544,0.2040564466863061,24.949115565102197,65.35269130633841,0.2231484422290737,24.41512123917223,103.40277098864584,0.2638944781122386
19145,IOWA,PAGE,2024,209.1,487.5207741177029,0.6003563373184723,0.4619535717973464,0.1079551075814799,0.8334788919230665,0.7048497171266442,0.425428586847817,0.8263203656360414,0.6723556427607391,0.3555719815592874,0.2331225546045942,-0.007158526287025,0.2428961453292978,18.32549842542091,189.4406680847375,0.3711752608869514,24.36708184767869,118.77793721383652,0.3234730839697814,24.626284318155808,74.7579132410005,0.2697551025595661,23.99327754812623,139.84083430226107,0.2524928626153155
19147,IOWA,PALO ALTO,2019,198.3,679.7919352943969,0.6340349256421302,0.4730080908508147,0.0379603977954314,0.8484720229477953,0.701117501344643,0.379639672187064,0.8596261025045787,0.7100476464753078,0.4179167543593123,0.2144370973056651,0.0111540795567833,0.2281094104938283,13.40589227854196,211.07588795383137,0.3893612649247046,20.4296132112294,153.16130139396873,0.3501147438849268,23.55080934555944,76.47551874155688,0.3110597542925787,20.90277898459209,108.94389747445896,0.2795882095543313
19147,IOWA,PALO ALTO,2020,181.1,723.4821705885803,0.3307816254351678,0.2211894117273704,-0.2507993076306227,0.8774854616780694,0.7421388520205952,0.4290894708352547,0.7991300887123853,0.6361379396433927,0.347149720022492,0.5467038362429015,-0.078355372965684,0.5209494402932247,14.268111950655811,133.12686043849484,0.3486264918633339,22.974055541534742,107.64493219377658,0.2996860088883262,24.7696462865938,43.20313549214503,0.2337439803527603,23.601634763614907,46.82102432648473,0.1827007130428873
19147,IOWA,PALO ALTO,2021,190.1,642.8535741178766,0.5161358568387914,0.3888244055516033,-0.1076906739489665,0.8162601675850275,0.6822978962236125,0.3979542946805771,0.778864321036735,0.6287501955850565,0.3368150652095819,0.3001243107462361,-0.0373958465482925,0.2934734906720091,15.167435003642131,116.1681562376621,0.3359208824345242,24.01345364384431,86.14597840619776,0.2648757823081823,23.41760291105863,116.62643983819652,0.2842543192889207,23.391609581191915,110.53860421752115,0.2563035984532347
19147,IOWA,PALO ALTO,2022,195.8,687.1321800002862,0.5098464572648361,0.3664999582981557,-0.1073327106133216,0.8098242904101782,0.6707432651005937,0.3513663886065324,0.8276803294466909,0.6931150594444744,0.3961150213276577,0.2999778331453421,0.0178560390365126,0.3042433068024379,15.772051773277672,99.81552037772224,0.3688680458353148,21.8538145922968,80.12598912199125,0.3200057007546867,24.242313866169983,53.1459780746944,0.218649271096901,22.69839291140055,88.99887734230843,0.2388174924851452
19147,IOWA,PALO ALTO,2023,211.7,637.8140611766908,0.7130672201390132,0.5800531732288147,0.2063170283417158,0.8115062688405161,0.6870735096426687,0.3913198526057087,0.8541656094328983,0.7201204738019404,0.4213465302855516,0.0984390487015028,0.0426593405923821,0.107020336413854,17.472999386077817,97.8996871043814,0.322673806415146,22.492222679504152,82.06046485473779,0.2643129859224489,22.356950874848287,61.07062942162888,0.2493415586440437,23.361121366706485,68.78298988877117,0.2292606169314469
19147,IOWA,PALO ALTO,2024,182.3,666.3618741179027,,,,0.7601817300644537,0.6169338406149867,0.3097892504168836,0.8111238113287027,0.6544586158264634,0.348049996411399,,0.050942081264249,,16.512662826399616,213.66547149679656,0.3761558701470431,21.49970076833047,207.36749185047228,0.3686310327645794,22.353695155383164,100.42547849443964,0.3178518784025554,21.86708026764069,66.37235847964158,0.2552755232744737
19149,IOWA,PLYMOUTH,2019,217.8,956.0595529416076,0.3107881515456743,0.2118577610617547,-0.1885891038941287,0.8757493543972994,0.7450967240299108,0.4483620572172059,0.8769908128903295,0.7475332446560545,0.4402201516091801,0.5649612028516251,0.0012414584930301,0.533238962968156,13.722001763663467,214.66199795625485,0.3177674079808549,20.85119153203506,100.80750960549896,0.2610656411194604,24.337770286387816,70.2937535005345,0.1862423671704184,21.69798619929193,128.1963113438254,0.2157964093005092
19149,IOWA,PLYMOUTH,2021,190.9,930.8508000003852,0.536736758948398,0.4071588809014491,0.0072559364406299,0.8351252361452939,0.7062219763782165,0.4070073948060291,0.8012696009474045,0.6723640638990774,0.3578997767638286,0.2983884771968959,-0.0338556351978893,0.2990630954767673,15.269848128267183,101.98935071650686,0.2658329343397133,24.10947803717732,53.27394855524177,0.1817022536580168,24.249884668300204,94.26205189832744,0.1755147036773746,24.45901710731853,99.45704868519186,0.1560686322265226
19149,IOWA,PLYMOUTH,2022,171.8,926.9744188239014,0.5109685000111743,0.3762562177797416,-0.0330624100872927,0.8511618276868811,0.727379735069811,0.4104706526022653,0.8044941750714345,0.6606688627415788,0.356371607432013,0.3401933276757067,-0.0466676526154465,0.3511235172900694,16.090879979662432,93.29373951413406,0.2719440699978002,22.48523097076332,90.14582104003216,0.2317873067755461,25.422620189688068,25.157834621988467,0.114323091213272,23.68889592901138,75.03326275036679,0.1599260788043922
19149,IOWA,PLYMOUTH,2023,205.7,936.3569752945104,0.5385625419017813,0.407760108713635,0.0077300883982124,0.8734358546284607,0.7477455353387372,0.4550822937583369,0.8420460644159861,0.7066197978567931,0.4086916776316466,0.3348733127266794,-0.0313897902124746,0.3399854266251021,18.22340232482697,75.94195285290924,0.2310596331940251,23.22855306987652,82.4159788091588,0.177162338268153,22.9878451278516,68.5583461563842,0.1695652942049758,24.16936668925767,65.42692839674547,0.1508355392649698
19149,IOWA,PLYMOUTH,2024,195.6,964.4733811768928,0.4957524245317803,0.3730148496267004,-0.0186701941048577,0.8231138984970882,0.6982536192262923,0.4114910605749263,0.8264935888358054,0.6987811803649037,0.4134755316727877,0.3273614739653078,0.0033796903387172,0.3252387695995918,16.48167239691519,199.8997067863733,0.3055061999342502,21.93150953037,196.699221340022,0.290198932512842,22.914310608524005,76.2943765051401,0.2289174597662419,22.39074201260582,78.08744752101057,0.1662479388874287
19151,IOWA,POCAHONTAS,2020,186.2,740.8486376474311,0.3583809339656717,0.2471375353478568,-0.2504781416464179,0.8845862875053908,0.7555292700214324,0.4389427893175074,0.8046265126626952,0.651421588002623,0.3680699492553193,0.5262053535397191,-0.0799597748426955,0.5083917346735756,14.50741002380502,122.09274557384296,0.3448735561316016,23.254118421372915,108.69125990529191,0.3002456260642437,24.94815072648885,45.687813819120144,0.2367808960366202,23.969202136510464,41.51072437086681,0.175190948434304
19151,IOWA,POCAHONTAS,2021,213.9,710.094734117977,0.5320299821537056,0.4067286469214323,-0.0899929682883886,0.8389428163932461,0.7040936847718,0.4108535143317611,0.8260525823759397,0.6864636816537828,0.3798898042552681,0.3069128342395405,-0.0128902340173063,0.2973650378503676,15.376396947372326,123.98297375604564,0.3401912537859057,24.32845066281076,112.5261779296598,0.2553201116357624,23.475334839118247,129.6306107858032,0.2904974932989792,23.504105302560458,119.43057398740936,0.2660051767881914
19151,IOWA,POCAHONTAS,2022,198.2,711.0866188238601,0.5542878484470478,0.4098241019944839,-0.0673221825498245,0.8197824814490616,0.6889445087086069,0.3750984235516387,0.8573987502848754,0.7205158269042149,0.4137206999326354,0.2654946330020138,0.0376162688358138,0.279120406714123,15.96553946236372,114.87022550796932,0.3779741460778452,21.94029842124253,97.60946655675492,0.3240451482905307,24.27758768762957,45.82327468864894,0.2155010148299125,22.97885999569802,77.3522085649246,0.2213731200350885
19151,IOWA,POCAHONTAS,2023,218.1,718.2801847062218,0.7533169169487904,0.6207880614759581,0.2448200195023331,0.859671994738908,0.7335759333772935,0.4212060192922051,0.8645570419508244,0.7330989683688295,0.4375409216764975,0.1063550777901175,0.0048850472119164,0.1127878719013354,17.685538718132655,92.89096142347228,0.3228006255247011,22.7257684778822,72.94363199780587,0.2591299303718017,22.7718321048039,57.356177920133504,0.2284751188339999,23.63099273304713,60.03884773903408,0.213053629950419
19151,IOWA,POCAHONTAS,2024,203.0,709.6785600003293,,,,0.8293909490121137,0.7036150255678091,0.4014687605995592,0.8435982908977853,0.697574248928888,0.401690345789657,,0.0142073418856715,,16.749722845643195,190.5460064474173,0.3756539860433054,21.949387677651757,169.07740782287226,0.3595004138135925,22.550374058306392,108.60973238343216,0.3145134160321142,22.193770808956423,58.24246881683519,0.2310939503934708
19153,IOWA,POLK,2019,196.6,336.35450470593406,0.3913329347106573,0.2719310166732573,-0.1380725905027432,0.8381273663936765,0.6946204629906745,0.3832205920881308,0.8447455296028309,0.6978268912283703,0.4062309412091223,0.4467944316830191,0.0066181632091544,0.4226894463174171,14.963429288810437,235.01908290938127,0.3897248197615117,21.34927280700525,96.73614727428394,0.3478857771505123,25.26868820409196,69.65980103052048,0.2480243677587553,22.69644457885932,81.48777260210046,0.2513625722241536
19153,IOWA,POLK,2020,150.2,343.15666941180814,0.5975534889099662,0.4467524724993821,0.0218482015397468,0.8416455548952833,0.70988327360262,0.3930746192104716,0.7550839574777352,0.5988762823291476,0.346427886126447,0.244092065985317,-0.0865615974175481,0.2631308011032379,15.232350618447413,142.2533818166439,0.3451554520876054,23.11386271514088,180.90995455268208,0.3409150957733234,24.898887847337875,100.2003230706241,0.3036510270006889,24.213526901229507,20.641475060911382,0.1975584968199683
19153,IOWA,POLK,2021,217.5,296.5779000000136,0.4800536781307548,0.3509156809105613,-0.1000266178303017,0.795126725104377,0.6687725702260465,0.3656677284233249,0.8131954713655718,0.6741764658425238,0.3663967848182268,0.3150730469736222,0.0180687462611948,0.3178568893154852,15.892197079558434,143.76599987964505,0.3413477185098439,24.329603960269363,62.411831478848406,0.2556343476179414,24.30753959003378,115.45058359706314,0.2754787597031209,24.895512601790905,75.68452951805355,0.2417811105291598
19153,IOWA,POLK,2022,188.6,307.3534835294383,0.5548521024054128,0.4009102856333392,-0.0586973428014456,0.8404777714549805,0.7071802637934476,0.3879219750792095,0.7963286866049577,0.6671364751863993,0.3804003498445235,0.2856256690495676,-0.0441490848500227,0.3062699781601083,17.15890927812351,146.8764144015882,0.3711934317067775,22.83270713301565,106.26815578686964,0.3233214338898027,24.837963902228825,71.81737525930065,0.2554303541149291,24.069260240936693,58.38706157123743,0.2090766543775598
19153,IOWA,POLK,2023,206.4,301.02990705884645,0.7029937324664152,0.5596405410580761,0.1681939507788126,0.8426478203215974,0.7142087021805672,0.4324555353344614,0.7840934812734133,0.6249234092467899,0.3235613192578558,0.1396540878551821,-0.058554339048184,0.154568161122491,18.13041658857575,78.80495727988313,0.3089728309848157,23.411704094134965,55.1582504479752,0.2119710000456956,23.99161185132256,49.53380010981965,0.2159189513958971,24.26254677803288,54.61496172923011,0.2042217783969424
19153,IOWA,POLK,2024,218.0,302.7566188235505,0.5640783826104616,0.4400868308026039,-0.0122456053205166,0.8199674279731459,0.687274753154045,0.3997498566670524,0.8326881925711799,0.6843424021163156,0.3890613182319539,0.2558890453626843,0.0127207645980339,0.247187922351441,17.720393986894873,216.34529640969572,0.3787770594124664,23.45766769070098,124.35949079144466,0.3172093672676692,23.335595639253757,100.93065541854268,0.306644222466566,23.17567740503363,74.5583083891725,0.2483218906185776
19155,IOWA,POTTAWATTAMIE,2019,208.0,968.172596470882,0.7042868166937754,0.5459157353854472,0.1678500150103512,0.8637568919812416,0.7287081019598163,0.4182113646896425,0.8659113583123076,0.7217788289785906,0.4232230108118122,0.1594700752874662,0.0021544663310659,0.182792366574369,15.074421279235478,265.86318018129685,0.3801017241047225,21.635338845642885,128.24930908187525,0.3441036568466473,25.181545850475587,48.88978167191912,0.2232559147786117,22.73852754648234,170.63313319143322,0.314719164179822
19155,IOWA,POTTAWATTAMIE,2020,176.3,1022.0019211767506,0.4149560806561395,0.289305791768141,-0.076808743475813,0.8721751341192369,0.7410946061787727,0.4250513012386509,0.7580329732718579,0.6064106670271815,0.2990190494989922,0.4572190534630974,-0.1141421608473789,0.4517888144106317,15.221960555401871,101.00412331981686,0.3260310507734883,24.1948220858784,132.86079403142637,0.3311040211429885,25.08198512002456,151.06923629030678,0.3054258895073926,24.101341499936943,23.077995795914937,0.22336078980712
19155,IOWA,POTTAWATTAMIE,2021,216.3,952.8602294119896,0.6223444666345328,0.4826490298936751,0.0926075011435895,0.8372012473085881,0.711333654238217,0.4012923228993474,0.8327160813527327,0.6971296786027358,0.3909755536103262,0.2148567806740553,-0.0044851659558554,0.2286846243445419,16.07898391101396,113.75333557615268,0.3514982095945435,24.66107848225402,92.19754742087258,0.2741931590331675,24.86975993525793,94.52648830040825,0.2485065003586821,25.30228958865117,76.41689375040754,0.2212740145147535
19155,IOWA,POTTAWATTAMIE,2022,195.0,960.304934117852,0.5763873139283372,0.4344123126909508,0.0504009013126118,0.8618191092304981,0.7349903928870364,0.4189750004391004,0.759070884133345,0.6305174058252008,0.3709321846247941,0.2854317953021609,-0.102748225097153,0.3005780801960855,17.078313038571192,192.76221785796287,0.3768921264451617,23.14613057502412,106.82585848598768,0.3216099316469029,24.77097389792354,103.19647885812226,0.2664024299964819,24.51541055008713,63.204971093032086,0.2082132825136281
19155,IOWA,POTTAWATTAMIE,2023,198.5,971.6833164708316,0.5608178503007997,0.4364005434439021,0.1030916505789029,0.8420569787624297,0.7138138071897536,0.4056728687949308,0.8419369572008991,0.707272971558902,0.3978971494839003,0.28123912846163,-0.0001200215615305,0.2774132637458515,19.002951345600472,56.61532507669418,0.2725113496066446,24.256818730176388,40.89057920283831,0.1940592670122032,24.47631556131121,67.22814026393323,0.2168554791991332,24.25860670859397,105.15537786746845,0.2520377737775877
19157,IOWA,POWESHIEK,2019,200.3,635.4877835295612,,,,0.8461718591846724,0.7055871691734517,0.4069154698599441,,,,,,,14.871595025094436,196.98385414606065,0.3905108853280317,21.04467586945793,109.50084983241452,0.3484817378288651,24.85511558101556,67.4083655875961,0.2657556456848594,22.374936920066688,67.66324558220683,0.2406035332645298
19157,IOWA,POWESHIEK,2020,138.2,629.8294623530714,0.6647850219130634,0.5147284153830154,0.124503572193534,0.8606353522933158,0.7306251050371008,0.4249706500988888,0.7687511324220582,0.6027681179202012,0.3429624870382249,0.1958503303802523,-0.0918842198712576,0.2158966896540853,14.888396536126496,156.2493307765629,0.3558810821301243,22.36870017871417,186.6940148583793,0.3521639961270285,24.420248213714505,106.07830434021446,0.3224774182618236,23.151572668097675,19.692795397824977,0.2144794634765061
19157,IOWA,POWESHIEK,2021,201.0,556.714588235341,0.4295060139714383,0.3030522710963785,-0.1004806005170122,0.8593863107462162,0.7235481861404184,0.391343152152211,0.8041749585316206,0.6687104206810568,0.3756045510541535,0.4298802967747779,-0.0552113522145956,0.4204959150440398,15.632581156717777,149.3341876958378,0.3533661198510575,23.610521461615683,111.88261648697284,0.2814158742393635,23.718269226683027,96.23639799517996,0.3031003487342535,24.249263894567417,77.53215535109527,0.2499384152536248
19157,IOWA,POWESHIEK,2022,193.3,551.0549788235838,0.6193414131692252,0.4677187248705988,0.0557076634523714,0.8743889208416501,0.7458829811290015,0.442803026250249,0.8073698669276598,0.6854393997553139,0.3997936603996134,0.2550475076724249,-0.0670190539139903,0.2781642562584027,17.29008142843968,112.532802182666,0.3661895830328166,22.66280927414456,85.48764998229856,0.3080162660756997,24.65803377255473,59.264222222157365,0.2242557781194792,23.63301692761616,81.94548042493643,0.2201103427712351
19157,IOWA,POWESHIEK,2023,204.9,552.864310588288,0.6396958083916012,0.5090952030406402,0.1556025209932539,0.8657185450069514,0.7450404462369448,0.460554830415687,0.7774613757615267,0.6223903544629025,0.3309494892424128,0.2260227366153502,-0.0882571692454247,0.2359452431963046,17.828852513326414,75.41042661956902,0.308260643769033,23.194158149190585,27.951263955580245,0.186724430550009,23.927101372442323,53.52689908703995,0.1995715255754127,23.910528764453,57.20299490022831,0.2047844950991406
19157,IOWA,POWESHIEK,2024,223.0,569.4731364706552,0.6659986054827293,0.5341005339673254,0.1420824818612842,0.7730954235500422,0.658031351830896,0.4184566675793556,0.852906460101537,0.7262739985572486,0.4276013411935486,0.1070968180673129,0.0798110365514948,0.1239308178635706,17.694612282305314,228.19815642432744,0.3834469438222311,22.881073817289053,117.72672787507612,0.3261313597757493,22.74608453230859,132.89834862669807,0.3297856317054518,22.66725159822998,89.96534506651693,0.2726933335262784
19159,IOWA,RINGGOLD,2020,159.1,210.44392941173243,0.4623718723726164,0.3126113831605758,-0.1099585057020472,0.8250501297615609,0.6725259975187698,0.3239548026277288,0.807317297095676,0.6336353235333135,0.3259904506958576,0.3626782573889445,-0.0177328326658848,0.359914614358194,15.179681396299626,156.82011374945415,0.3582460228283368,23.536222555078226,161.13630863785673,0.3368038698212246,24.832783574821228,162.9022385178274,0.3233521670474475,23.46141248268336,25.21363160068216,0.2527793920665552
19159,IOWA,RINGGOLD,2021,175.8,193.0032247058571,0.5299844442294909,0.3867656914212345,-0.0545320816961198,0.8206496358923648,0.6720528156505062,0.3806723445952703,0.8156360642405005,0.6498138116667458,0.3544029061730223,0.2906651916628739,-0.0050135716518643,0.2852871242292717,15.839654226509788,168.09650302127963,0.3468011741719263,24.16448295844611,101.0651373431852,0.2805537324276576,24.10880336232717,174.9380953872222,0.3185955414337098,24.966545244216466,79.87401267558865,0.2505131616228361
19159,IOWA,RINGGOLD,2022,151.8,197.797761176442,0.5693157170384775,0.4102247762319093,-0.0193891858487339,0.8477689160616765,0.7017119480358188,0.3671433997874668,0.7934922261077173,0.6367625930259867,0.3340456987010201,0.278453199023199,-0.0542766899539591,0.2914871718039095,17.533028092125065,120.0303101172429,0.3528388756884725,24.122031807878432,65.76619313991142,0.2820128508467124,25.58572676061873,90.91656019259662,0.2377755351133187,25.10624828900642,66.6661009248277,0.2033104827556713
19161,IOWA,SAC,2019,220.6,716.0222152944598,0.6999741207955139,0.5426239588110189,0.1130160657889654,0.8703368016755272,0.7399473881897406,0.4255284669250132,0.8726463402520234,0.7407895745172578,0.4369846433750127,0.1703626808800132,0.0023095385764961,0.1973234293787217,13.980301717267748,217.51104051120157,0.3676326437563931,20.822198610076384,114.300104144748,0.3241111075991967,24.209652246842666,50.475022844951646,0.2342190165150466,21.626198097276166,93.46720521149727,0.2240462855692022
19161,IOWA,SAC,2020,161.0,684.3788082355888,0.3894489901545617,0.2703374389245873,-0.1849444508743151,0.8673367428421954,0.7395967659694028,0.4297619969117486,0.7664207478869326,0.6135039214049387,0.3285182590848122,0.4778877526876337,-0.1009159949552628,0.4692593270448155,14.508894375372554,104.016277312196,0.3085327882650394,23.57981168889693,96.15742925833716,0.2697808855074771,25.18718078161393,42.54333875812651,0.1898907158797042,24.219276945668984,26.586657058796767,0.1495938776326077
19161,IOWA,SAC,2021,231.0,660.8990929414363,0.5361386210417356,0.4088451338737763,-0.0468638588236534,0.820436379226435,0.6939798731589686,0.3998267377065878,0.8311236328361631,0.7016898658080638,0.3900796485536214,0.2842977581846994,0.0106872536097281,0.2851347392851923,15.425860005022626,124.57903846190511,0.3148522356756106,24.485804492319453,102.79459504333828,0.2304403244975332,23.79435482960416,102.57911377141691,0.2452962572642466,23.95877584582905,120.57438442229108,0.2256904705561309
19161,IOWA,SAC,2022,212.4,663.7452388237921,0.5572931631449215,0.41306618634461,-0.0274329978841003,0.8451523911981348,0.7240370541014152,0.4139224457320358,0.8624320153301922,0.7312579147525569,0.4224011935106581,0.2878592280532133,0.0172796241320574,0.3109708677568051,16.072901006322148,121.77940946746406,0.3444734994899146,22.070851647695537,115.23568797745727,0.3007532677752447,24.475496810515647,34.93416925577129,0.1809689673205575,23.339552573426577,71.82357593465755,0.198592086003213
19161,IOWA,SAC,2023,199.1,663.6451482355616,0.6174039395502037,0.4921201197063722,0.1301422918257755,0.8455715266818763,0.7117076367538494,0.4068423531289264,0.8578017565086994,0.7216327276439035,0.4192943415339773,0.2281675871316726,0.012230229826823,0.2195875170474772,17.984050045685233,69.62201286661652,0.2854491775161234,22.99213496172736,73.50042401736519,0.2264039155139334,23.19129241360599,57.27566400676163,0.1929667435341034,23.717850357906052,77.22902406205785,0.202392842543055
19161,IOWA,SAC,2024,229.1,684.0758717650009,,,,0.8025904034046701,0.6889971390272446,0.4125335684470792,0.837284507376445,0.707978960608059,0.4122492963621247,,0.0346941039717748,,16.763346310452615,204.076333120574,0.3493654277840247,22.26544284479725,162.27064909722176,0.3311182511624141,22.76070995867713,103.85296264619102,0.2757673296681444,22.424139244983436,66.37399265509232,0.2037936912210798
19163,IOWA,SCOTT,2019,189.4,429.1124964707056,0.2854484527656541,0.1896441074203111,-0.2000876278056814,0.7611101837897752,0.6239065615236852,0.2725963489867966,0.8523306096556867,0.7121191624319699,0.4035085199430533,0.475661731024121,0.0912204258659115,0.434262454103374,15.302842484808895,173.77171562358723,0.3912096330212204,21.18410896356447,89.34903710591266,0.3479863494680315,25.631877926787748,45.51031969741338,0.2457116587682081,22.88494994513062,99.61136175356512,0.2433074699796683
19163,IOWA,SCOTT,2020,181.3,465.190697647224,0.3719058120742939,0.247484015801679,-0.1488355557903676,0.7952247652120016,0.6722227816804938,0.4015944809677009,0.8015673220783439,0.6543719107019096,0.3608481129691224,0.4233189531377077,0.0063425568663423,0.4247387658788147,14.992754077040958,156.9504329040517,0.3715653117916987,22.35418831160934,109.650727691837,0.3250603080487113,24.83724134712796,118.71357458127622,0.3215488635890297,23.431343767825705,30.449531416332228,0.2134399675255496
19163,IOWA,SCOTT,2021,206.8,429.9396776471592,0.5599653596438827,0.4193000269237416,0.0069244204431643,0.8735306856726822,0.7242210773025458,0.3889004781873904,0.7990972794673372,0.6867323848170046,0.4043063980756298,0.3135653260287995,-0.074433406205345,0.3049210503788042,15.520232182356295,129.1655604623349,0.3569774735706013,23.44633355749964,136.7678568788513,0.2885010665268577,23.657468006264885,71.0036465864311,0.306020466452472,24.24742721870214,75.78923294739171,0.2462704359834169
19163,IOWA,SCOTT,2022,216.2,420.1624270589432,0.5666768625044057,0.4255451282267832,-0.0098151604233957,0.8912380720971507,0.7726178043012775,0.4597234345300222,0.8560143535334217,0.7386892204130537,0.4381956528403612,0.3245612095927449,-0.0352237185637289,0.3470726760744942,17.613983122429623,139.10625424165758,0.3670551501436871,22.15497446804536,115.94888582521492,0.3317844406124878,24.186109901243352,47.1608641393007,0.2385165147567114,23.5973189992857,51.8129032736245,0.2082054682272104
19163,IOWA,SCOTT,2023,210.1,421.2915988236284,0.4715748790915023,0.3626568212211316,0.0391597196955797,0.8332709836539728,0.7097380796611279,0.4209841374888786,0.85078899020987,0.7269282731291379,0.4050381517400404,0.3616961045624704,0.0175180065558971,0.3470812584399962,17.37019907237555,92.22120644411152,0.309815570374045,23.11810322515985,17.948901264469928,0.1657299771035884,23.962505069932018,87.39213740168188,0.2421587614562186,23.897009975867107,55.10899438510477,0.2133634412808698
19163,IOWA,SCOTT,2024,234.2,438.9294705883644,0.6547994571015917,0.521257245669189,0.1600039850393169,0.8555524990402391,0.7290248198500593,0.4447013692528556,0.8298782032040392,0.6920988128544102,0.4007693765047532,0.2007530419386474,-0.0256742958361999,0.2077675741808703,18.07517288796537,175.14265795819273,0.3801889937943177,22.905680051632107,115.7628274109136,0.3162060394165062,22.83454291256235,144.59831532059292,0.3453446772830708,22.740347007249373,75.29371728980328,0.2838421882118916
19165,IOWA,SHELBY,2019,217.3,730.0540094120169,0.7473472084513338,0.590874080399676,0.2111665068902576,0.8798881750133307,0.7493799362116297,0.445120747442482,0.8765962857588142,0.743420848377169,0.4387355279126517,0.1325409665619968,-0.0032918892545165,0.1585058558119536,14.522084922903415,248.6970053411847,0.3841504789688621,21.18627719908981,121.94760752887228,0.3448555423242324,24.633722726652397,52.24738560021071,0.2338341311258098,22.178669139870387,149.9890016295951,0.30245917853698
19165,IOWA,SHELBY,2020,190.5,731.0968235296643,0.3706342655580704,0.2545530722955197,-0.1088353278450373,0.87775694390229,0.7518614786165023,0.4380286416900857,0.7878864181734221,0.6457031761998073,0.3346935691728004,0.5071226783442195,-0.0898705257288678,0.4973084063209825,14.78750665747948,102.89996210188258,0.3318472835280625,23.746099492915555,132.44779873775218,0.3297942005137287,24.845633381241097,105.27736106059152,0.2895958794064483,24.14346152587555,18.69957110455634,0.1875314262483104
19165,IOWA,SHELBY,2022,209.0,679.9438588237197,0.5443975000877533,0.4045204510239488,0.0333753266418107,0.8719663741024939,0.7498738242564504,0.4409919114767469,0.8177412628308821,0.690666492865244,0.4067715601752438,0.3275688740147405,-0.0542251112716117,0.3453533732325016,16.488182755800963,188.30842692544545,0.3777136770187329,22.507085496527303,147.15092625370357,0.3377139864657171,24.236040285333488,75.6808297573454,0.2697204359552688,23.82895059031856,64.09696914938151,0.2134792093471614
19165,IOWA,SHELBY,2023,196.0,692.0783364708013,0.5340368302333156,0.4106936861456604,0.101774354160515,0.856001244178796,0.7297789316316768,0.4256161226623737,0.8340692557257982,0.702357399098315,0.4107188339490663,0.3219644139454803,-0.0219319884529978,0.3190852454860164,18.50913983751948,62.79743099050599,0.2956018567163745,23.641265913405334,46.25682420828844,0.215044239892397,23.72485103335313,78.36695429429734,0.2283190991882424,23.79124980712035,86.03576434155006,0.2431096592288973
19167,IOWA,SIOUX,2019,192.1,1076.0479905888883,0.2840813360326084,0.1909148220275447,-0.2272509100064428,0.8652781181583871,0.7272316151012417,0.4346345657611953,0.8707656194006687,0.7393785574263665,0.4432128238246471,0.5811967821257786,0.0054875012422815,0.536316793073697,13.301100279944174,213.7026101969375,0.3161512780788302,20.633643668792725,92.84371949440802,0.2551154394159557,23.98564730052629,73.23336164651047,0.192369363502946,21.383081477446247,107.65408801194084,0.1989489798317057
19167,IOWA,SIOUX,2020,201.8,1054.4871211771112,0.3677887386645124,0.2529677405875721,-0.1763692016375102,0.8746253095070379,0.7465338176737981,0.4472283759456945,0.8333914342975719,0.6870974936953173,0.3816405910576104,0.5068365708425255,-0.0412338752094659,0.4935660770862259,13.959441784829076,109.56591553769772,0.2718325576814831,23.66066751954648,75.01037353849115,0.2021284235190277,25.0182092395932,59.28366810586768,0.1619546125416892,24.078981373417225,31.979602855580897,0.1179887383374093
19167,IOWA,SIOUX,2021,220.6,989.9056023534636,0.5840261383104315,0.450015209864864,0.0225017903002955,0.8471905165704419,0.7218157261806065,0.4436098176557654,0.8398519442466795,0.7118104556500353,0.4148737832953355,0.2631643782600104,-0.0073385723237623,0.2718005163157425,15.072327358639722,79.6250035939247,0.2539292106678489,24.16850802219497,39.34971837844852,0.1599614996835266,24.13754651973785,100.81831431203838,0.1681114252839015,24.0794559668131,88.0176797274751,0.1551542041970147
19167,IOWA,SIOUX,2022,196.6,977.7485823534648,0.5342826850691389,0.3955168630554797,-0.0428618024105848,0.8654345902179859,0.7419195636802176,0.4330323802300172,0.8307787970733986,0.6945536426366808,0.4038613768262853,0.3311519051488469,-0.0346557931445872,0.3464027006247379,15.747502707630144,102.12061372201237,0.2725072289387987,22.1732647417284,72.01460601217535,0.227222867557636,25.021336308936256,34.37983537471733,0.1188397418521368,23.145236864943463,79.68668188049732,0.1691610505740524
19167,IOWA,SIOUX,2023,211.4,979.5833047063948,0.595841080368481,0.459118841855136,0.0217076244559046,0.8719878665985364,0.7478406754921826,0.4656536864588567,0.8406964715942943,0.7054380063107407,0.4238711665568808,0.2761467862300554,-0.0312913950042421,0.2887218336370465,17.89568418082453,97.69065294689308,0.2398787832224106,22.999301884469745,76.23842230384048,0.1740333024527257,22.547049184022654,73.98151558112168,0.1752236615569194,23.75981408019664,70.11708567252688,0.1531198543282009
19169,IOWA,STORY,2019,189.3,694.5582811767292,0.3824696176117795,0.2739658397255241,-0.1662083156403258,0.8632360479722817,0.7284297858268338,0.4209372418383574,0.8675575769494136,0.7288783320367059,0.4268237540589651,0.4807664303605022,0.0043215289771318,0.4544639461013097,14.505232385675594,209.78681807545595,0.3919436367147305,21.035599173316445,75.58442910515261,0.339340822601298,24.81919976726108,78.16886521363467,0.2536022325828054,22.131647722708163,74.5158131932714,0.2442187199105566
19169,IOWA,STORY,2020,148.4,690.5751388237934,0.5488767196083838,0.4077712438076792,-0.0388291466165823,0.8654457773160775,0.7402951600105366,0.4227340559274443,0.7806593234119963,0.6245958910403488,0.3672732710253316,0.3165690577076937,-0.0847864539040812,0.3325239162028574,14.918358998076489,117.60693223442082,0.34212272704856,22.789343025060315,118.432767524033,0.3260715750101382,24.722271706285188,92.75060418994646,0.2714025054596085,24.153887923529638,24.998346515913788,0.1745227475130468
19169,IOWA,STORY,2021,201.2,578.7332223530613,0.5182683410805616,0.3894454825252062,-0.0852086727259038,0.7679732234103515,0.645316490932212,0.3515420936509067,0.8156199051400426,0.6699913284565158,0.3636919612360242,0.2497048823297898,0.0476466817296911,0.2558710084070058,15.629972885927907,126.10364096372592,0.3381408812017444,24.090785919731346,73.71245127600929,0.2590571604053233,23.85985460317166,114.71160467397048,0.2805859380539385,24.26921796411952,92.49424540264928,0.2520455014050768
19169,IOWA,STORY,2022,207.1,634.8688623531275,0.5029491367772965,0.3513835164646299,-0.1191277809210667,0.8520592452163375,0.7187479573653416,0.3977191311332046,0.8374686034338281,0.7163229300921152,0.4272045251772973,0.349110108439041,-0.0145906417825093,0.3673644409007116,16.77198307096504,117.25863251481393,0.3669667585673634,22.25727315977496,120.85096370888476,0.3318110491482586,24.156736692082013,87.76433860320158,0.2685743814477119,23.24249677338525,63.94496670452877,0.2232795800058414
19169,IOWA,STORY,2023,211.4,605.8785917648624,0.6929607643636599,0.5582494080139819,0.1697860663405644,0.851082458501532,0.7288794615553809,0.4574891604571531,0.8150401896046506,0.6695451013785966,0.3822521290459039,0.158121694137872,-0.0360422688968813,0.1706300535413989,17.759061199830665,85.20385080598432,0.3189723754468039,23.214148952746736,37.79232033477552,0.1996357516660559,23.491972053124886,64.85992873008557,0.20732843398166,23.863910641135643,62.15978870984844,0.2070895907853374
19169,IOWA,STORY,2024,215.5,624.3813988237042,0.491713260342864,0.3754277174041173,-0.1017674362347069,0.8367958643562561,0.7031543038863779,0.4048636062591389,0.8388048308706705,0.6975260122035166,0.4036997401699744,0.345082604013392,0.0020089665144144,0.3277265864822605,17.381396085374753,222.8728739115655,0.3819002494262113,22.73649576971976,116.72312980488506,0.3365850996474147,22.72649481572039,112.71936480352625,0.3175631071938963,22.700997436630388,56.79894611984267,0.2364874273308659
19171,IOWA,TAMA,2019,204.8,722.1409905883904,,,,0.8329278190376089,0.6971520508671254,0.4063791248195003,,,,,,,14.40511192555846,199.65053518143932,0.3921005094815885,20.797771856666145,93.87338824746196,0.3485187960952415,24.481053166579784,90.4103199280979,0.2865066989087796,21.93839007167241,57.51107890353445,0.2353179271968429
19171,IOWA,TAMA,2020,132.7,731.5741341178,0.4634442290330607,0.3294062165396909,-0.0771513933609525,0.8431854813400439,0.7094016174724802,0.3887113716779773,0.7692394929213819,0.5976614630650435,0.347120703811183,0.3797412523069832,-0.0739459884186619,0.3799954009327893,14.61586958247915,124.05875963985564,0.355715347239289,22.129750858383428,211.7832293410497,0.3528088441785964,24.115036227731743,130.79802826542488,0.3274190909093024,22.88123579791435,20.54622731471808,0.2143068172848964
19171,IOWA,TAMA,2021,213.9,649.8818400000575,0.4139049745114546,0.292572688028523,-0.1206560095674445,0.7860702897481946,0.655999345598155,0.3506456634217464,0.822560164204586,0.6892125932544968,0.394200721156286,0.37216531523674,0.0364898744563914,0.363426657569632,15.45927529122917,118.02181514198276,0.342495011941965,23.672911792924275,114.32080125369691,0.2711910028767532,23.64375182848639,83.86390449908446,0.2880708693970632,23.96355963438652,74.89810074480062,0.2378329890492525
19171,IOWA,TAMA,2022,203.3,681.4754611765787,0.5611548871606443,0.4132135214093476,-0.0207286347906981,0.8372238003199495,0.7155912161860908,0.4357529161371681,0.8463528667336865,0.7336238880121437,0.4404617903503841,0.2760689131593051,0.009129066413737,0.3023776947767432,16.885118465344764,119.64787358056914,0.3695282844654107,22.06970057724071,94.63026224202068,0.3195530208360042,24.00701844628293,77.6454100855578,0.2468155837974522,22.91533787431784,101.00262590935692,0.2422745162951352
19171,IOWA,TAMA,2023,197.4,661.004241176553,0.5752015049088061,0.4526115720095042,0.0893691887976708,0.8474117792662835,0.7296976239540862,0.4517998116664871,0.7454550325077594,0.5949764688434143,0.3044162716215633,0.2722102743574774,-0.1019567467585241,0.277086051944582,17.486184689466434,69.25550245285487,0.3101236180843666,23.024640246543584,29.372736395201965,0.1902794311219314,23.5333205823913,56.65350046135895,0.2005763381360075,23.833619249360773,46.81552405295509,0.1973515021425489
19173,IOWA,TAYLOR,2019,161.7,368.46746117644096,0.4867805241995075,0.3370063946083135,-0.0591503969195067,0.7644553464623963,0.6036319318348955,0.2551716269617514,0.8291115354129043,0.6535327508030615,0.3465080660749373,0.2776748222628887,0.0646561889505079,0.2666255372265819,15.434289045594968,272.3265892123804,0.3895775507242249,21.629372813246587,163.18545316840994,0.3441783840616021,25.147569857656144,53.33067656406906,0.237958171060826,23.15621435180068,169.80280572307916,0.3064848850970663
19173,IOWA,TAYLOR,2020,166.2,344.0274247058404,0.4853915599296452,0.3352503651900472,-0.083819473458091,0.8371473868102296,0.6874421188191976,0.3576605225417468,0.8222358088590316,0.6503221113490327,0.3470083313944824,0.3517558268805844,-0.014911577951198,0.3521917536291503,15.319290508723752,151.41335593184604,0.3535482883240362,23.898405646851835,159.13311927466737,0.3373723084818895,24.91049788699509,190.52370959912383,0.3315653562492867,23.64023331835296,24.377070710835252,0.2524386258315953
19173,IOWA,TAYLOR,2021,192.0,336.1912164705403,0.5031170480557782,0.3658769455593106,-0.0654007368628328,0.823508898863806,0.6809472964937799,0.3863691246554481,0.8258969436260579,0.6715238943789623,0.3725329100782321,0.3203918508080278,0.0023880447622519,0.3150703509344693,16.008000828723514,159.9068791561269,0.3504927440246242,24.539695249529288,92.76362839111457,0.275417419678296,24.50307420027252,123.28310364243316,0.2953983976226529,25.38692362454124,78.87438096673759,0.2210022459499233
19173,IOWA,TAYLOR,2022,172.1,317.38711058819536,0.5639765913124802,0.405809425887671,-0.018835314184341,0.8441527212362321,0.6952321156758791,0.3677468529317843,0.7969868523479836,0.6397611757956235,0.3390884468751763,0.2801761299237518,-0.0471658688882484,0.289422689788208,17.657182590734653,137.63965732020245,0.3541229509855668,23.93557064092524,85.1361405195087,0.3066383007259386,25.506873392348247,96.49807638191376,0.2514293527502692,25.17239721680164,76.81411197404559,0.2048349227485525
19173,IOWA,TAYLOR,2023,192.9,325.9785247058392,0.6196116481342282,0.4722638509790731,0.061410611171959,0.8495579336265365,0.707834486179429,0.4036151788128791,0.829589258365358,0.6756541000496624,0.3699331605747816,0.2299462854923083,-0.0199686752611785,0.2355706352003559,18.6657251972608,83.86794979641374,0.3037683505886466,23.94805248688445,50.479341033874896,0.2072171694427438,24.54595934418922,68.0082173076017,0.2295422377907537,23.99198113832349,136.01069323067574,0.2793958374542437
19173,IOWA,TAYLOR,2024,192.7,325.63755882348886,0.6190643200795234,0.4704667240499324,0.074157980485087,0.8284625064811948,0.6768744968024485,0.3863138594200785,0.8051045850465636,0.6297873918538125,0.3321702480827201,0.2093981864016714,-0.0233579214346312,0.206407772752516,18.10674354653005,204.3271207296509,0.3749191239830284,24.24290151022089,126.53175395500234,0.3159743553183659,24.330258928133407,74.97930514368302,0.2710839936503356,23.78703610026288,128.6878954013456,0.2517313585661678
19175,IOWA,UNION,2019,168.9,234.86550705879043,0.4650768186718683,0.3166876490866266,-0.0729640447017082,0.7751867610696119,0.6151965790607978,0.2621746061492832,0.8479028272209248,0.681151733461148,0.3737619034418499,0.3101099423977436,0.0727160661513128,0.2985089299741711,14.981975441974685,265.0073509676828,0.3915484864784652,21.282804403634884,125.31884696947826,0.3434000411867197,24.94595322169289,53.22883241706448,0.2431031629837983,22.9301992830096,124.2612366024457,0.2662760315970832
19175,IOWA,UNION,2020,179.7,229.49027647056369,0.4691466622904521,0.3218293795985561,-0.1029534309249228,0.8363469430509645,0.6928766605042124,0.363066226168581,0.8165352202844655,0.6595305628360107,0.353774694560253,0.3672002807605123,-0.019811722766499,0.3710472809056562,15.008642985779709,149.84778648631823,0.350882463804945,23.36199076108878,183.4813933052236,0.3422069342637444,24.62763265388583,115.92061088812228,0.3146063502205997,23.57647008127474,19.187024457116888,0.2290449093789764
19175,IOWA,UNION,2021,185.2,220.3937047058458,0.502872689154801,0.3658635710460224,-0.0717231258644658,0.8204131451357591,0.6796288657647217,0.3926599501386089,0.8295637807282946,0.680874868639896,0.3868194220021092,0.3175404559809581,0.0091506355925354,0.3137652947186992,15.66379206245646,162.51896563144325,0.3524304531085857,24.06897312726762,86.43652917669954,0.2743097116516142,24.076020308204185,151.46164381129557,0.294016933943296,24.76132272948711,89.96192333507312,0.2463595145814595
19175,IOWA,UNION,2022,149.4,207.73224352938536,0.5010056175778275,0.3527524328442663,-0.0775752114614852,0.8306702365094045,0.6881411584773666,0.3506866320205881,0.7701022887543167,0.6211755882210178,0.3267856442989618,0.329664618931577,-0.0605679477550877,0.3353887256331002,17.14517041238727,128.64319552089975,0.3675276095881358,23.686746692174417,67.14112507291429,0.2873065229850801,25.216129738725808,80.42300144527171,0.2396448836527067,24.65705824887687,70.35414305866388,0.2091994886613866
19175,IOWA,UNION,2023,217.0,224.36487882349184,0.5524623987905055,0.4151425906221254,0.036088195549931,0.8480544820367327,0.7111035336526569,0.417128350853049,0.838317120929638,0.6954161061378263,0.3964713757478217,0.2955920832462272,-0.0097373611070947,0.2959609430305314,18.135503928363395,93.63965830391008,0.3171168838119073,23.33765874940312,51.26735353974927,0.218988982178693,23.98329869418253,72.76316166964608,0.2369250296594586,23.648588858975,133.59512554192497,0.2744688939183357
19177,IOWA,VAN BUREN,2019,171.0,190.66991647057975,0.3489175521015858,0.2336014985357169,-0.1413653966616304,0.7907595923427668,0.6334462564912913,0.3023554726744071,0.8043299255600238,0.651126772269888,0.3536077315998271,0.441842040241181,0.0135703332172569,0.3998447579555743,16.121177884104615,216.87496347549416,0.3915172591251754,21.936055544936423,129.38551018042298,0.3261262708386188,26.07132047630012,43.90239724137404,0.2330121792469518,24.040525705234646,62.911722702551806,0.2159625357574839
19177,IOWA,VAN BUREN,2020,153.5,212.77780941174944,0.5324740661875554,0.3659461858199265,-0.0326307502119124,0.8425816174434764,0.6929039884082554,0.3788050470401889,0.7900843536554016,0.6257479768635792,0.339344105633085,0.3101075512559209,-0.0524972637880747,0.3269578025883288,15.493044755025634,159.00360707485504,0.3623189660659962,22.954989754981813,128.0055290167999,0.3331911511260488,25.281791896365547,97.6682949845387,0.3058572091411383,23.958172850917897,25.85611214748021,0.2229543235635095
19177,IOWA,VAN BUREN,2021,162.5,185.8217682352836,0.3823300922918335,0.2595341577862792,-0.1156555318396228,0.684925302362133,0.5265212202769365,0.2319289887553896,0.7998052697800888,0.6317055492422348,0.3278215533895082,0.3025952100702994,0.1148799674179558,0.2669870624906572,16.034886485297964,193.91462392977533,0.3613157971107679,23.93595709906071,149.514183060032,0.3010061818679443,24.055809055691963,143.95470807276448,0.3325888917953544,24.65198941503064,117.7784009874854,0.3134870927897201
19177,IOWA,VAN BUREN,2022,151.9,197.3500447058695,0.5798648013057935,0.4207278634349544,0.013691285908493,0.8612883918671204,0.7320456431859671,0.4167731545534599,0.8353721171333315,0.6866756289086356,0.3993471314273199,0.2814235905613268,-0.0259162747337888,0.3113177797510127,18.257132892979858,113.7752843474354,0.3430468696801294,23.76102528688814,86.34751743666759,0.3010732708521724,25.73611649812504,53.93001781149885,0.2086620667886501,24.644585029295715,61.7239790531178,0.210393681271606
19177,IOWA,VAN BUREN,2023,189.3,188.17101176469757,0.588755373916036,0.4544921548506855,0.0701904961271673,0.8353290820246099,0.700787390537301,0.39102323006735,0.7680628179314031,0.6146591367697333,0.320379987700149,0.2465737081085738,-0.0672662640932068,0.2462952356866154,18.856395342347167,44.98000866941055,0.2556974416458013,24.233026119257413,30.575517457647734,0.167200536950906,24.72597150643811,99.44182950803815,0.24525408003998,24.05253058733775,116.47251422755478,0.2700695271092166
19179,IOWA,WAPELLO,2019,176.5,226.88474117648192,0.3540600124459921,0.2405050937737367,-0.1705373147872854,0.8276818282507005,0.6812981527799189,0.3731386581615931,0.829448522779828,0.6706108255287965,0.373242352654821,0.4736218158047083,0.0017666945291274,0.4407930590061822,15.724247890870812,206.65359343445928,0.3933575402235527,21.67821256176128,142.79655902402718,0.3366437952334799,25.601214383942427,52.28871818378299,0.2472226437533729,23.57160513796307,56.93006139003828,0.2158254592576103
19179,IOWA,WAPELLO,2020,170.6,225.3125329411811,0.5755204197802862,0.4174810420536327,-0.0011517838571858,0.8492324839844929,0.7113796551660445,0.4025433082333863,0.7623389147139872,0.6018827476137568,0.3230672479063445,0.2737120642042067,-0.0868935692705057,0.2938986131124118,15.364649082744547,144.92623364338812,0.3575989016586915,22.86406892794806,174.94797174209882,0.3409651180818428,25.04110617132937,93.43654217393744,0.3107756732535902,23.72749271391092,23.4518460768498,0.2179103248824497
19179,IOWA,WAPELLO,2021,178.0,225.3060741176456,0.4630856321955158,0.329974807475681,-0.0899802983003978,0.7810521751833197,0.6463187997844099,0.3696971067976491,0.8003176292381288,0.6529073185212627,0.3722185413802276,0.3179665429878038,0.019265454054809,0.3163439923087288,16.033192401787314,181.94196330201035,0.3562118255792313,23.93327723033473,107.63453838557064,0.2857146700610581,23.941880204681315,155.36497529231704,0.3340692333507231,24.56623584355231,91.62967583314172,0.2961597349676239
19179,IOWA,WAPELLO,2022,170.8,208.28785411764585,0.6117601236291424,0.4601671447062441,0.0323975671698752,0.8719111395798375,0.7482463759508734,0.4487314445592149,0.8359713694262974,0.6878585988888114,0.3968948834216483,0.260151015950695,-0.0359397701535401,0.2880792312446292,18.00729773250896,105.9305280400952,0.3527467700035781,23.87196086771731,72.78502606784237,0.2854013299780213,25.872700696008632,49.40381765062451,0.1981206497850914,24.733158482037187,48.61796682994721,0.1970866244013188
19179,IOWA,WAPELLO,2023,202.9,218.489519999994,0.6142510568052127,0.4819376227532295,0.0959165518850759,0.8491347621877426,0.7226376634628231,0.4229088904527407,0.775179391524455,0.6206223226172041,0.3126279953844508,0.2348837053825299,-0.0739553706632876,0.2407000407095935,18.874944556020395,50.06468687282277,0.2662273274172844,24.10344175631095,30.21390002072328,0.1723550059030946,24.64091745794621,69.48545351419072,0.2196975531288184,23.979311826717243,103.13573082136423,0.2550073793620437
19181,IOWA,WARREN,2020,168.0,260.500796470543,0.6431673014020498,0.4799658252787555,0.0806233372332863,0.8366207107735572,0.6930418575853413,0.3669975050325935,0.7854750619352043,0.6212482624712147,0.327026837971735,0.1934534093715073,-0.0511456488383528,0.2130760323065857,15.277627417975792,157.19595764946865,0.3487827290695167,23.237554297421436,191.77223665196547,0.3411810118285412,25.006863065041824,77.41488071919338,0.2941607818422735,24.17539924257928,20.430870409188035,0.199741922477232
19181,IOWA,WARREN,2022,157.8,241.6964223529036,0.5732732539058315,0.4172121223569417,-0.003045711771813,0.8413817637471009,0.7042345429870324,0.3799764384010965,0.7808816614311944,0.6421370575848457,0.3492834102074278,0.2681085098412694,-0.0605001023159065,0.2870224206300906,17.37558079544371,137.03173112837786,0.3684817289437126,23.42535445337422,78.20363318116604,0.2944427346690675,25.43991152018953,57.26392018790517,0.2160172917563184,24.600018512769086,67.26613753408294,0.2110967724026266
19181,IOWA,WARREN,2023,199.2,241.07425764701856,0.7163351617541721,0.562492218510625,0.172811252435745,0.84464856702164,0.714625788282018,0.4328302771697804,0.767940548779767,0.6026700823437151,0.2940132560735898,0.1283134052674679,-0.076708018241873,0.1521335697713929,18.455443962840928,71.06855984929761,0.2994257403403382,23.593795880194016,55.26966328564134,0.2095693445547086,24.30871693234694,53.62483800369404,0.213669936021111,24.264305431877908,64.29696872312314,0.2227682177323603
19183,IOWA,WASHINGTON,2019,178.9,482.9186505882892,0.3480156291810093,0.2339436738859723,-0.1562182056346363,0.7664974445456167,0.6360905965808593,0.3400147295410051,0.8368532459552104,0.6885537860676808,0.3889576168364211,0.4184818153646074,0.0703558014095936,0.402146922694887,15.56188919061959,208.70935107000508,0.3952430422014441,21.44867556613936,134.467384917074,0.3466223558246074,25.588595576199484,34.986866563997744,0.2374299110993065,23.28377976963037,61.17884182677682,0.2142923777745834
19183,IOWA,WASHINGTON,2020,185.4,492.6676482353583,0.4999384947028819,0.3555619974876775,-0.0405050502043774,0.8532589534375812,0.7211092772182088,0.4319606470451526,0.7972360629770179,0.6492143459118135,0.3587902267561997,0.3533204587346993,-0.0560228904605633,0.3655472797305313,15.230543767789614,153.37867460005108,0.3641092522394673,22.572302898291014,136.94267150490185,0.3409803483361308,24.82773209556533,104.43025765305023,0.3194462781007533,23.47824847808771,38.3013550842551,0.2138403369504143
19183,IOWA,WASHINGTON,2022,185.7,453.7481894118008,0.5956297538322365,0.4506236683574315,0.0230825339265024,0.8784296607427218,0.7558130829988158,0.4491651050806636,0.8477385530958207,0.7144473715296616,0.4193594235426429,0.2827999069104853,-0.030691107646901,0.3051894146413842,17.877884913532334,106.0667614841866,0.3534958348541411,23.20358084300939,88.13349917856219,0.3027805389336763,25.340005863866395,38.07609999432192,0.2013334683178491,24.19274832660533,48.3672922458699,0.196421773619305
19183,IOWA,WASHINGTON,2023,188.3,455.1361200000295,0.5554492652214514,0.4355323104427714,0.056772851073077,0.8552293660427036,0.7324929880522404,0.4426384819605511,0.8149836517188583,0.6734920470834157,0.3864056070837184,0.2997801008212521,-0.0402457143238452,0.296960677609469,18.21802372420502,55.27867713138466,0.289414810173241,23.80808973535146,19.565338421129397,0.1671142047758789,24.486652902299657,71.943069916416,0.2076777896943482,24.0762309551369,73.34655954981935,0.2217521977210112
19185,IOWA,WAYNE,2019,151.4,240.1374247058422,0.3638671727389941,0.2310371979544547,-0.0634398422088311,0.786834833166696,0.6240384456528343,0.2789602135953917,,,,0.4229676604277019,,0.3930012476983796,15.540959733228586,194.69064195644955,0.392120022566985,21.48430962003388,155.77623132025676,0.3536543202274597,25.072575788298924,70.55199003316362,0.2612701001812154,23.255097013875822,99.32126138971172,0.2581238125223132
19185,IOWA,WAYNE,2020,168.8,231.7075129411339,0.6059537406842344,0.4430629667911744,0.028303639444223,0.8426709409368722,0.6976831492824402,0.3550065888416042,0.8178909923515056,0.6549452525773131,0.3540974143525931,0.2367172002526378,-0.0247799485853665,0.2546201824912658,15.20125911325477,131.80061655318468,0.3546327244986113,23.202540780412228,127.40237183094251,0.3302507984583878,24.999336703894013,130.2976200446266,0.3126220276607313,23.656757434017177,17.601302614969608,0.2310049010612725
19185,IOWA,WAYNE,2021,177.0,237.9581647058456,0.3920749240501221,0.2623564709978999,-0.1347672671193052,0.8086723460562116,0.6626666982506325,0.3554088078168562,0.8093104233930226,0.6557342994292265,0.3511421538052087,0.4165974220060895,0.0006380773368109,0.4003102272527326,15.845345195791465,176.79423846804374,0.3496631531493011,23.87292685164644,134.86253828758305,0.2908314161752854,23.880714613452728,187.29238374584,0.3397799450082826,24.61644779618152,81.84072475863641,0.2952387190638985
19185,IOWA,WAYNE,2022,170.1,220.93899176466692,0.5349351729374642,0.3679002341349071,-0.0620786821806733,0.8645408129084141,0.7243517823639305,0.3995279382609811,0.8229542473826224,0.6976255591838129,0.4052383808647496,0.3296056399709499,-0.0415865655257917,0.3564515482290234,17.733357990924507,125.01558567044086,0.3591366507771431,24.01706550701796,64.42657912211284,0.2869789004756327,25.738428365066124,72.70258864532583,0.2142385276036,24.964405599397864,56.0996551278734,0.2006828722538396
19185,IOWA,WAYNE,2024,194.8,226.1680199999593,0.6113767389885152,0.4757551638076341,0.0672270702718472,0.791004003245875,0.6566447602869916,0.3601649558112074,0.758609011836898,0.5855604944559739,0.3036412078096399,0.1796272642573598,-0.032394991408977,0.1808895964793574,18.2286741578031,182.1832122000506,0.3746150639308183,24.24915111426359,136.54832635046856,0.3061748288364102,23.944731977225903,91.77223383268148,0.2948703849948904,23.532591751410017,94.45987691376357,0.2491617348191104
19187,IOWA,WEBSTER,2019,202.9,856.2748976473962,0.4481824555359426,0.3284271112135247,-0.1049090472577279,0.8556631238677941,0.7149712417817808,0.4049546044404942,0.8587487659489725,0.7112159327364145,0.4191841929908614,0.4074806683318514,0.0030856420811784,0.3865441305682561,14.133862470597544,230.88806612685968,0.3932715271439181,20.857437374450463,94.63187476461712,0.3444984487188701,24.41769658927989,78.63159111729891,0.275217671622874,21.71667821941911,85.13305862185598,0.2469213602607204
19187,IOWA,WEBSTER,2020,173.1,862.0465517650488,0.4205354345543837,0.2927966990725829,-0.2007612945182162,0.8570848092506607,0.7248904573030927,0.4237450844455488,0.8037327905773654,0.6458416220249025,0.3752307881092364,0.4365493746962769,-0.0533520186732953,0.4320937582305098,14.745080839064403,121.91037963263084,0.3411047154786492,23.167901536958457,104.6747166686944,0.3052627119549945,24.946238932813117,63.15063400945057,0.2499039286091552,24.32844412075328,38.873309155009984,0.1699621256442599
19187,IOWA,WEBSTER,2021,216.2,792.5115352943698,0.568766628687631,0.4321650986912203,-0.0415369425949745,0.8392107587215332,0.7086677621267249,0.4267544194440437,0.8205620035666806,0.680926497107016,0.3871041556361219,0.2704441300339022,-0.0186487551548525,0.2765026634355046,15.552243517678097,135.95824224839072,0.3313925027792245,24.43911151755972,126.82061686351376,0.2523898113968427,23.63758100938325,120.67359019568848,0.29172791520668,23.769728515723685,135.68458759972614,0.2734050021746267
19187,IOWA,WEBSTER,2022,201.5,780.9587400002526,0.5716135818616269,0.4143894201833484,-0.0507085134122042,0.8535932846590787,0.7206560949271286,0.418870794612199,0.8412244321120931,0.7044085953714371,0.4153469718332643,0.2819797027974517,-0.0123688525469856,0.3062666747437801,16.243240934752336,126.23771524258936,0.3736754263821187,22.032734586953666,107.91082272217118,0.328865273448181,24.16851455119257,57.0676520268844,0.2311529288844609,23.04465926196964,77.52437098657575,0.2252760578077886
19187,IOWA,WEBSTER,2023,212.8,767.5376152943381,0.7167773921272965,0.5806246208255407,0.1964431080996314,0.8618509089749856,0.733024336080453,0.4563608030696428,0.8210776161180005,0.6730531609704978,0.3971060908688037,0.1450735168476891,-0.0407732928569851,0.1523997152549123,17.739540517603082,97.17261949041972,0.3215629144499412,22.989507266137604,60.85688785993563,0.2391845956373638,23.187835348881595,51.47896649056536,0.2043948393712943,23.732244800245805,74.57416639847641,0.2186320489979615
19187,IOWA,WEBSTER,2024,211.6,802.7038058826238,0.5053428300428096,0.3810211020000504,-0.1213579157191583,0.8496134923518309,0.714253221460452,0.4318987209643788,0.8426331993141106,0.6982510509044866,0.4092868119310267,0.3442706623090213,-0.0069802930377202,0.3332321194604015,17.05393250150399,195.4677740132753,0.3755864966032854,22.32273171183688,164.60342893272548,0.3567894031786969,22.670918243300537,145.77545770319247,0.325085132734168,22.439140337967903,60.37621840992067,0.2396760266636693
19189,IOWA,WINNEBAGO,2019,198.8,508.6731176472876,0.079048694661674,0.0381537935941447,-0.1347867027135323,0.866251990853119,0.7199599905085542,0.4111787327682603,0.8596861681848167,0.7125421640315386,0.434788264922149,0.7872032961914449,-0.0065658226683023,0.6818061969144095,13.207854904258502,192.19141997067425,0.3855716370203707,20.10518874528225,139.27557534237107,0.3575074726384492,23.21228758659387,107.01480577483674,0.3352330800124427,20.486690812377223,86.13893271132679,0.2781805223374731
19189,IOWA,WINNEBAGO,2020,207.1,504.8747682355122,0.3545567857244895,0.2387657079986144,-0.2246214572135058,0.8728490808804897,0.7386427586433724,0.4393239162570555,0.8484055279737255,0.6830383355528747,0.4229899088614262,0.5182922951560003,-0.0244435529067642,0.4998770506447579,14.002433735679276,161.29389633090688,0.352336161837526,22.04181214392108,107.49313821024592,0.329396837926006,23.873789961543803,74.27560748014375,0.265032882193635,22.927008545792813,43.9173676820194,0.1944574873764281
19189,IOWA,WINNEBAGO,2021,197.6,481.31174117666063,0.4761119736401441,0.3498016067418164,-0.101403964227145,0.8201102011435532,0.6937099647098963,0.4377210335163804,0.8100150664143724,0.6697382869439412,0.3856425726760629,0.343998227503409,-0.0100951347291807,0.3439083579680799,14.97118520057009,131.52650155190955,0.3418597288771364,23.583949964117217,108.65860725695822,0.2921789362100931,23.14822813335106,91.11031081588604,0.2877067072854634,22.742288075692663,188.4577630089441,0.289072777917887
19189,IOWA,WINNEBAGO,2022,217.5,470.4360988236984,0.521147163163227,0.3725122376313797,-0.0867592433545593,0.8740440084254744,0.7434328940483274,0.4493499701341849,0.867654726294307,0.7381140479568379,0.4566158690744598,0.3528968452622474,-0.0063892821311674,0.3709206564169476,15.524311307757788,107.34197857184296,0.3707372808492509,21.418067242393168,93.84110291464212,0.3320972498001137,23.85363178760048,45.46440142394408,0.2180087862879667,22.01578519601887,132.5496006754227,0.2768344888683186
19189,IOWA,WINNEBAGO,2023,211.3,483.3889270590149,0.6672933373005318,0.5338137754949299,0.1875858955288122,0.8660685893017389,0.7332687498550899,0.4540875098310734,0.8269795823428585,0.6781232091210131,0.3961314700313483,0.1987752520012071,-0.0390890069588804,0.19945497436016,17.067219524135442,75.28530961203539,0.3209454622328461,22.619243653235387,54.70369099902636,0.2289029791729102,22.301119493795756,51.80754776292232,0.2156711230503874,22.81453622155248,88.50453692232684,0.2501322984964396
19189,IOWA,WINNEBAGO,2024,182.6,466.501238823693,0.3874375854152497,0.2735568956417514,-0.1857309828772162,0.8052713000495373,0.6463065153816498,0.3529524609162798,0.8287015020861084,0.6674050069302369,0.3753959006948214,0.4178337146342876,0.023430202036571,0.3727496197398984,16.366833262093646,201.2457831404911,0.3753231279318451,21.03447677682105,258.7597166854901,0.3778938041001414,21.99015185968651,130.35585774971744,0.3512426501576449,21.475154895126376,63.48966831907956,0.2832617749627065
19191,IOWA,WINNESHIEK,2019,200.4,663.3288847060142,0.3231652958592913,0.2136417669947405,-0.1176582891183654,0.7809580042134008,0.6337987526917711,0.3393444225962947,0.8718137677663476,0.7244719191363348,0.4285734337233641,0.4577927083541094,0.0908557635529467,0.4201569856970305,12.994367861582075,195.00078675716836,0.3854384810063196,19.765850749327587,111.8689881490324,0.3596479312187008,23.445243452726547,186.20235265372523,0.3475131360886813,20.35889936202553,71.77449017836854,0.3101765696357708
19191,IOWA,WINNESHIEK,2020,178.2,659.7807600001411,0.3767542335681716,0.2550630357097043,-0.0920070214507943,0.8561845239711057,0.7067970650621176,0.4092501217527481,0.7939119265110189,0.6457580602074267,0.369454002195225,0.479430290402934,-0.0622725974600867,0.4517340293524132,13.58649326361791,99.24926427643416,0.3439434273742572,21.08440541236392,204.4483456235928,0.3568433855422354,23.62234057214868,78.3008884874957,0.3198296061006607,22.390240193247568,46.33771583810368,0.2154083262298362
19191,IOWA,WINNESHIEK,2021,199.3,624.6269647059746,0.3868436302779048,0.2668713445630934,-0.0917938758443805,0.8127159955380456,0.6739123577650916,0.3585949108702289,0.8132126691866338,0.6829717572084067,0.4118773120043003,0.4258723652601408,0.0004966736485881,0.4070410132019981,14.508034576064151,112.3240930916287,0.3260721066134667,23.13605372499425,106.07939689902368,0.2862492834980805,23.049213597791255,85.52135486376386,0.2997869729451675,22.57654370612364,179.94076394018688,0.3079923580111843
19191,IOWA,WINNESHIEK,2022,212.4,585.344424705965,0.4237855992975518,0.2859550521181681,-0.1015367994696017,0.4232235769343571,0.341832174810054,0.2700172049632108,0.7905627098324761,0.6732858545542126,0.4359936473351532,-0.0005620223631947,0.367339132898119,0.0558771226918859,15.39528800475832,126.4110973464478,0.3735698640863789,20.56977605209817,110.59389925300046,0.3366568872995911,22.69686497254141,92.66720917682647,0.2995583950284151,21.47849341357799,139.88670603802805,0.3216259880101859
19191,IOWA,WINNESHIEK,2023,195.3,609.0945635295075,0.494316039659901,0.3705934529650925,0.0155627726895984,0.8348915056373994,0.7055853874468047,0.4292856557571077,0.7943930438499904,0.6478538360191953,0.3489541447143471,0.3405754659774984,-0.040498461787409,0.3349919344817121,16.05958272305302,75.16820244996231,0.326966203702039,21.786986379565505,57.04443659816202,0.2345004510393991,22.52004429845196,57.96548154003531,0.2276010252902423,23.218852903407456,23.96943917003016,0.1858162685774859
19191,IOWA,WINNESHIEK,2024,212.1,669.0924776471974,0.4335663572344388,0.3060977316116073,-0.0574685124571657,0.7194143001233015,0.5964081607023703,0.3829760785128349,0.8517741339445885,0.7136733297825931,0.4348050636172798,0.2858479428888627,0.1323598338212869,0.290310429090763,16.093172166506044,188.5186162321283,0.3794201338138257,20.805461714275424,142.51258503607136,0.3529582933086547,21.67475878065259,185.6786109298096,0.35953565186346,21.468279175339127,91.14216894884296,0.3097049180796024
19193,IOWA,WOODBURY,2019,218.2,915.34640117679,0.4335871029548265,0.3091633688928666,-0.0591147272704356,0.8580300442932086,0.7174739785169088,0.4165774857672253,0.8558847383593471,0.7177210991493316,0.4103963870120624,0.4244429413383821,-0.0021453059338615,0.4083106096240421,14.196140627059728,198.5554260254599,0.3883871060175921,21.08803384864665,118.96270930497056,0.3441427508771192,24.566188084924946,55.80037149780521,0.2507268515940463,22.006170092306228,133.80646153164022,0.2900863097524735
19193,IOWA,WOODBURY,2020,191.0,869.5763682355524,0.3749350009093866,0.257208268797623,-0.1067499010682067,0.8691946107773636,0.7328763155061071,0.4226442438747176,0.8109992087015928,0.6585992081142193,0.354707131701118,0.494259609867977,-0.0581954020757707,0.4756680467084841,14.56909114461516,96.11406100944146,0.333343854249951,24.05227805362284,102.24673426875836,0.2950615158762478,25.640352592073462,53.91174184344537,0.2206325959674642,24.51392125595265,38.96463005196163,0.1903659397869283
19193,IOWA,WOODBURY,2021,206.7,836.1584364708141,0.5493537188278823,0.4162531252346172,0.0389296321507344,0.841657453492407,0.7135847346501423,0.4181954602710195,0.7798106461511902,0.6505312422592742,0.3568078748735836,0.2923037346645246,-0.0618468073412167,0.297331609415525,15.523944906510197,115.89605183005112,0.342727002495343,24.28130765417889,78.84618074317336,0.2661598746603601,24.39227220134322,83.67307241494343,0.2424278645585766,24.6758870468712,107.48310374703124,0.2196523775005673
19193,IOWA,WOODBURY,2022,200.2,808.9949258825279,0.5035012498017786,0.371249091427605,-0.0036072221264376,0.850704879180963,0.7223482181188482,0.4033237888865209,0.8205319892459145,0.6780705750409305,0.3715700294286088,0.3472036293791845,-0.0301728899350485,0.3510991266912432,16.413191897995755,101.4601290931598,0.3510523158948491,22.71563524389871,99.5921938524038,0.3029579072152533,25.344328347202847,38.69515224733901,0.1918303175116634,24.085320822144475,64.37552916464392,0.2063184789188413
19193,IOWA,WOODBURY,2023,168.3,856.3466117649548,0.4976530096319028,0.3766225062118672,0.0644918813752525,0.8297532926089216,0.6971094263094973,0.4095954699939125,0.8007551863789961,0.6497043170257617,0.3394365195792029,0.3321002829770188,-0.0289981062299254,0.3204869200976301,18.55963974448569,59.80204694870019,0.2834354801209564,23.550332471686104,81.07352577022002,0.2326052771307548,23.515073693778906,62.29267014998267,0.2189555300822376,24.30712867723244,63.346454726772365,0.2129206035143069
19193,IOWA,WOODBURY,2024,206.4,864.9147141178887,0.4210614184978934,0.307047770782048,-0.0342570499392728,0.8061380360644053,0.6800253925453198,0.3988931164775274,0.8322917671667945,0.7013927343280811,0.4021591853477079,0.3850766175665118,0.0261537311023892,0.3729776217632718,16.815442879928764,198.08914454960657,0.3697684888517696,22.466966717219847,177.3955909847654,0.3536457661345736,23.25033084927569,80.33616872329368,0.2899504568368878,22.847384649898128,74.54524652417798,0.2148788780146033
19195,IOWA,WORTH,2019,196.5,461.82932117662943,0.2352130340213253,0.1459995755519654,-0.2493769451268689,0.8544226385079035,0.715335727214594,0.3969831713242774,0.8529781957893505,0.7098424212252958,0.4211771998594109,0.619209604486578,-0.0014444427185529,0.5693361516626286,13.07492300181369,195.35994049617128,0.3859396849154424,19.95883454100796,111.21696734582328,0.35639414373179,23.231792843955105,103.1708689335239,0.3243386237532112,20.4421473687188,74.27210450633434,0.2662890256377576
19195,IOWA,WORTH,2020,205.7,477.54047294137126,0.3488316553330997,0.2318594615664889,-0.2310555475845118,0.8505536325384033,0.7133389599561596,0.4038064960363315,0.8408748534439006,0.6755384219026709,0.3946737068670803,0.5017219772053036,-0.0096787790945027,0.4814794983896706,13.824520672366956,130.80763119592444,0.3547616556488199,21.613177403296945,136.25002744510545,0.3439408262249783,23.66052139196626,60.79394206637674,0.2683915679796483,22.618197303103223,57.84270222300824,0.1935528667375851
19195,IOWA,WORTH,2021,207.4,441.1915200001373,0.4616750788112694,0.3368683362549576,-0.1188555981415013,0.8244510013564872,0.6997661462305462,0.4302108753114946,0.8080083080899992,0.6683478951858084,0.3661730594959088,0.3627759225452177,-0.0164426932664879,0.3628978099755886,14.849074126180458,133.8753915257124,0.3427680014655246,23.431960218098794,119.393760310756,0.2983724086770055,22.940710069492976,88.01256156097666,0.2976349745129643,22.560508390931677,182.2094508645764,0.2867659110033637
19195,IOWA,WORTH,2022,219.4,457.4957223531048,0.4836389041640765,0.3414807344621164,-0.1295583437282212,0.8782249904403502,0.7453053787400553,0.4395607884960414,0.866182888735112,0.741561501251238,0.4538229365485277,0.3945860862762737,-0.0120421017052382,0.4038246442779388,15.394739548367507,107.71014906074744,0.3712994296101947,21.05753453547976,98.11952372311043,0.3339167685258501,23.43088841566656,50.002957077068885,0.2312154715408398,21.68501266446767,160.22708477975783,0.2990436538979945
19195,IOWA,WORTH,2023,187.6,445.72842000015015,0.6479358801489665,0.5133214104928883,0.0913330704965464,0.8407331388927347,0.7056728025255676,0.4079569353447932,0.7872646077901058,0.6282529130485607,0.3389875920921893,0.1927972587437681,-0.0534685311026289,0.1923513920326793,16.700802251557842,82.32864984146255,0.3273105448375107,22.42977233289132,46.42238758905262,0.2129491726407946,22.180256956245938,59.23142359508546,0.2186002416743349,22.7058994850887,71.42857091948764,0.2340372310259542
19195,IOWA,WORTH,2024,198.6,438.7806352942549,0.3924314736322468,0.2800783161884935,-0.195587037163484,0.8373854423027658,0.6872149085825473,0.3963725115506535,0.8501817502291055,0.6960999717557581,0.4044767325916499,0.444953968670519,0.0127963079263396,0.4071365923940537,16.243652451939916,214.34871444547687,0.3778164104085127,20.9007114198684,227.99999094071532,0.3724649444514243,21.82783535310613,138.08037651901384,0.3448450455126262,21.33122748783249,72.92738160177424,0.281775649495329
19197,IOWA,WRIGHT,2019,197.0,748.4872658826563,0.3909351277056229,0.2832140914890455,-0.1340971314795014,0.8723811365587478,0.7338168512024301,0.4234031417255725,0.8702550833880793,0.7217108189099382,0.4363849328572118,0.4814460088531249,-0.0021260531706684,0.4506027597133846,13.762775989127586,229.44203455200503,0.3920192724638157,20.52529873457955,99.2569150143889,0.3482461654278056,23.96108581341521,92.8436447715097,0.2958135659708384,21.16991884094216,92.1981807570362,0.2600772586248623
19197,IOWA,WRIGHT,2020,186.0,758.7705494120946,0.356242640241992,0.238101833424582,-0.2436380649965671,0.8668839383960825,0.7334778135080984,0.429344323730117,0.8020906628640572,0.6307759294917655,0.3881339122572697,0.5106412981540904,-0.0647932755320253,0.4953759800835163,14.427807929305844,126.72878238286653,0.3468606852740958,22.561136942423293,99.80153200558186,0.3215088616077303,24.615165323110027,59.00068265526393,0.2458226984486803,23.976056147279003,18.2638739630164,0.1545438816121893
19197,IOWA,WRIGHT,2021,192.2,690.8197623531688,0.5078993081731572,0.381253543846871,-0.0960406174103142,0.8340678155262233,0.7066034215053104,0.4282669440749712,0.8076172343589132,0.6637602539054898,0.3692356100870205,0.3261685073530661,-0.0264505811673101,0.3253498776584393,15.294105115551472,136.59386152717286,0.3350897473962031,24.02012319865061,105.32514340478008,0.2716271986697586,23.310933577043382,108.07441678337588,0.2930285988878195,23.212903836875224,153.47001851128476,0.2866286397939675
19197,IOWA,WRIGHT,2022,209.7,693.8070670590746,0.5065075259352334,0.3581075093094379,-0.1241884276218794,0.8663428674354594,0.7425829616951847,0.4421726418184918,0.8646111495731991,0.7353788252451865,0.4536193350404752,0.359835341500226,-0.0017317178622603,0.3844754523857467,16.00061883128076,110.62548185649838,0.3717658462157255,21.66242731865128,90.83481383715356,0.3266854315463396,23.77748436379127,58.13606490586746,0.228266086946599,22.44548435467864,93.23139582070864,0.2443838301334295
19197,IOWA,WRIGHT,2023,202.5,678.5408611766878,0.7225737385721057,0.5863094422484558,0.201395870332262,0.8560964068653767,0.7261511061057175,0.4493249428877477,0.818300146580539,0.6617103060663075,0.3789832200938201,0.1335226682932709,-0.0377962602848377,0.1398416638572617,17.32577595824277,98.28006119684858,0.326776703373351,22.77529948336703,47.92979912103078,0.2235259837920181,22.738178483493176,58.70931687659427,0.2075325908953195,23.06849277316129,110.72545222383692,0.2563134687162753
